Item ID,Created Time,Last Modified Time,Item Name,Sales Description,Selling Price,Sales Account,Est un article remboursable,Brand,Manufacturer,Poids du colis,Longueur du colis,Largeur du colis,Hauteur du colis,Dimension Unit,Weight Unit,Is Receivable Service,Purchase Tax Name,Purchase Tax Percentage,Purchase Tax Type,Taxable,Exemption Reason,Product Type,Source,Reference ID,Last Sync Time,Status,Unit,Unit Name,SKU,Nom d’alias,UPC,EAN,ISBN,Part Number,Purchase Account,Purchase Description,Inventory Account,Nom de catégorie,Catégorie parente,CF.Group Name
3977868000000549969,2023-06-07 17:34:00,2025-08-01 08:03:24,"Gants DivoSkin +, nitrile, M",,CAD 26.99,Gants non-stériles (Ligne Divocco),true,Divocco Médical,Divocco Médical,0,0,0,0,cm,kg,,,,,true,,goods,2,,,Active,Boite de 300,,4003,"DivoSkin+ m, OM-204-323, 204-323",628678719088,,,,CoGs Gants non-stériles (Ligne Divocco),,Marchandises en stock,Gants nitrile,Gants,"Gants DivoSkin +, nitrile"
3977868000000549971,2023-06-07 17:34:00,2025-07-31 10:45:25,"Gants DivoSkin +, nitrile, L",,CAD 26.99,Gants non-stériles (Ligne Divocco),true,Divocco Médical,Divocco Médical,0,0,0,0,cm,kg,,,,,true,,goods,2,,,Active,Boite de 300,,4004,"DivoSkin+ l, OM-204-324, 204-324",628678719095,,,,CoGs Gants non-stériles (Ligne Divocco),,Marchandises en stock,Gants nitrile,Gants,"Gants DivoSkin +, nitrile"
3977868000001193741,2023-07-12 00:21:25,2025-07-31 13:21:53,"Gants DivoSkin, nitrile, XS",,CAD 19.99,Gants non-stériles (Ligne Divocco),true,Divocco Médical,Divocco Médical,0,0,0,0,cm,kg,,,,,true,,goods,2,,,Active,Boite de 200,,3001,DivoSkin xs,628678719019,,,,CoGs Gants non-stériles (Ligne Divocco),,Marchandises en stock,Gants nitrile,Gants,"Gants DivoSkin, nitrile"
3977868000001193743,2023-07-12 00:21:25,2025-07-31 15:57:17,"Gants DivoSkin, nitrile, S",,CAD 19.99,Gants non-stériles (Ligne Divocco),true,Divocco Médical,Divocco Médical,0,0,0,0,cm,kg,,,,,true,,goods,2,,,Active,Boite de 200,,3002,DivoSkin s,628678719026,,,,CoGs Gants non-stériles (Ligne Divocco),,Marchandises en stock,Gants nitrile,Gants,"Gants DivoSkin, nitrile"
3977868000001193745,2023-07-12 00:21:25,2025-07-31 13:23:02,"Gants DivoSkin, nitrile, M",,CAD 19.99,Gants non-stériles (Ligne Divocco),true,Divocco Médical,Divocco Médical,0,0,0,0,cm,kg,,,,,true,,goods,2,,,Active,Boite de 200,,3003,DivoSkin m,628678719033,,,,CoGs Gants non-stériles (Ligne Divocco),,Marchandises en stock,Gants nitrile,Gants,"Gants DivoSkin, nitrile"
3977868000001193747,2023-07-12 00:21:25,2025-07-30 18:05:23,"Gants DivoSkin, nitrile, L",,CAD 19.99,Gants non-stériles (Ligne Divocco),true,Divocco Médical,Divocco Médical,0,0,0,0,cm,kg,,,,,true,,goods,2,,,Active,Boite de 200,,3004,DivoSkin l,628678719040,,,,CoGs Gants non-stériles (Ligne Divocco),,Marchandises en stock,Gants nitrile,Gants,"Gants DivoSkin, nitrile"
3977868000001193749,2023-07-12 00:21:25,2025-01-06 03:48:11,"Gants DivoSkin, nitrile, XL",,CAD 19.99,Gants non-stériles (Ligne Divocco),true,Divocco Médical,Divocco Médical,0,0,0,0,cm,kg,,,,,true,,goods,2,,,Active,Boite de 200,,3005,DivoSkin xl,628678719057,,,,CoGs Gants non-stériles (Ligne Divocco),,Marchandises en stock,Gants nitrile,Gants,"Gants DivoSkin, nitrile"
3977868000001193823,2023-07-12 00:21:25,2025-07-26 20:51:44,"Gants DivoTex, latex, XS",,CAD 13.99,Gants non-stériles (Ligne Divocco),true,Divocco Médical,Divocco Médical,0,0,0,0,cm,kg,,,,,true,,goods,2,,,Active,Boite de 100,,5001,DivoTex xs,1062867871911,,,,CoGs Gants non-stériles (Ligne Divocco),,Marchandises en stock,Gants latex,Gants,"Gants DivoTex, latex"
3977868000001193825,2023-07-12 00:21:25,2025-08-04 09:37:02,"Gants DivoTex, latex, S",,CAD 13.99,Gants non-stériles (Ligne Divocco),true,Divocco Médical,Divocco Médical,0,0,0,0,cm,kg,,,,,true,,goods,2,,,Active,Boite de 100,,5002,DivoTex s,628678719125,,,,CoGs Gants non-stériles (Ligne Divocco),,Marchandises en stock,Gants latex,Gants,"Gants DivoTex, latex"
3977868000001193827,2023-07-12 00:21:25,2025-07-26 20:51:44,"Gants DivoTex, latex, M",,CAD 13.99,Gants non-stériles (Ligne Divocco),true,Divocco Médical,Divocco Médical,0,0,0,0,cm,kg,,,,,true,,goods,2,,,Active,Boite de 100,,5003,DivoTex m,628678719132,,,,CoGs Gants non-stériles (Ligne Divocco),,Marchandises en stock,Gants latex,Gants,"Gants DivoTex, latex"
3977868000001193829,2023-07-12 00:21:25,2025-07-26 20:51:44,"Gants DivoTex, latex, L",,CAD 13.99,Gants non-stériles (Ligne Divocco),true,Divocco Médical,Divocco Médical,0,0,0,0,cm,kg,,,,,true,,goods,2,,,Active,Boite de 100,,5004,DivoTex l,628678719149,,,,CoGs Gants non-stériles (Ligne Divocco),,Marchandises en stock,Gants latex,Gants,"Gants DivoTex, latex"
3977868000001193831,2023-07-12 00:21:25,2025-02-15 03:04:54,"Gants DivoTex, latex, XL",,CAD 13.99,Gants non-stériles (Ligne Divocco),true,Divocco Médical,Divocco Médical,0,0,0,0,cm,kg,,,,,true,,goods,2,,,Active,Boite de 100,,5005,DivoTex xl,,,,,CoGs Gants non-stériles (Ligne Divocco),,Marchandises en stock,Gants latex,Gants,"Gants DivoTex, latex"
3977868000001193867,2023-07-12 00:21:25,2025-07-26 20:51:44,"Bavettes dentaires de Divocco, Bleu",,CAD 29.99,Consommables autres (Ligne Divocco),true,Divocco Médical,Divocco Médical,0,0,0,0,cm,kg,,,,,true,,goods,2,,,Active,Caisse de 500,,GPDBB500,,628678719163,,,,CoGs Consommables autres (Ligne Divocco),,Marchandises en stock,Bavette dentaire,Bavette dentaire et couvre-surface,Bavettes dentaires de Divocco
3977868000001193869,2023-07-12 00:21:25,2025-07-21 15:30:20,"Bavettes dentaires de Divocco, Blanche",,CAD 29.99,Consommables autres (Ligne Divocco),true,Divocco Médical,Divocco Médical,0,0,0,0,cm,kg,,,,,true,,goods,2,,,Active,Caisse de 500,,GPDBW500,,628678719194,,,,CoGs Consommables autres (Ligne Divocco),,Marchandises en stock,Bavette dentaire,Bavette dentaire et couvre-surface,Bavettes dentaires de Divocco
3977868000001193871,2023-07-12 00:21:25,2025-07-26 20:51:44,"Bavettes dentaires de Divocco, Rose",,CAD 29.99,Consommables autres (Ligne Divocco),true,Divocco Médical,Divocco Médical,0,0,0,0,cm,kg,,,,,true,,goods,2,,,Active,Caisse de 500,,GPDBP500,,628678719187,,,,CoGs Consommables autres (Ligne Divocco),,Marchandises en stock,Bavette dentaire,Bavette dentaire et couvre-surface,Bavettes dentaires de Divocco
3977868000001193895,2023-07-12 00:21:25,2025-07-26 20:51:44,"Pochettes de stérilisation de Divocco, 2.25x5 (5.7*130 mm)",,CAD 7.49,Consommables autres (Ligne Divocco),true,Divocco Médical,Divocco Médical,0,0,0,0,cm,kg,,,,,true,,goods,2,,,Active,Boite de 200,,SP5713,,628678719217,,,,CoGs Consommables autres (Ligne Divocco),,Marchandises en stock,Pochette de stérilisation,Matériel de stérilisation,Pochettes de stérilisation de Divocco
3977868000001193897,2023-07-12 00:21:25,2025-07-26 20:51:44,"Pochettes de stérilisation de Divocco, 2.75x10po (70*260 mm)",,CAD 7.99,Consommables autres (Ligne Divocco),true,Divocco Médical,Divocco Médical,0,0,0,0,cm,kg,,,,,true,,goods,2,,,Active,Boite de 200,,SP7026,,,,,,CoGs Consommables autres (Ligne Divocco),,Marchandises en stock,Pochette de stérilisation,Matériel de stérilisation,Pochettes de stérilisation de Divocco
3977868000001193899,2023-07-12 00:21:25,2025-07-26 20:51:44,Pochettes de stérilisation de Divocco - 3.5po x 5.25po (90*135 mm),,CAD 6.99,Consommables autres (Ligne Divocco),true,Divocco Médical,Divocco Médical,0,0,0,0,cm,kg,,,,,true,,goods,2,,,Active,boite de 200,boite de 200,SP9013,,628678719231,,,,CoGs Consommables autres (Ligne Divocco),,Marchandises en stock,Pochette de stérilisation,Matériel de stérilisation,Pochettes de stérilisation de Divocco
3977868000001193901,2023-07-12 00:21:25,2025-07-31 11:14:33,"Pochettes de stérilisation de Divocco, 3.5 x10po (9x26mm)",,CAD 9.99,Consommables autres (Ligne Divocco),true,Divocco Médical,Divocco Médical,0,0,0,0,cm,kg,,,,,true,,goods,2,,,Active,Boite de 200,,SP9026,,628678719248,,,,CoGs Consommables autres (Ligne Divocco),,Marchandises en stock,Pochette de stérilisation,Matériel de stérilisation,Pochettes de stérilisation de Divocco
3977868000001193903,2023-07-12 00:21:25,2025-07-30 15:50:44,"Pochettes de stérilisation de Divocco, 5.3x10po (135*260 mm)",,CAD 12.99,Consommables autres (Ligne Divocco),true,Divocco Médical,Divocco Médical,0,0,0,0,cm,kg,,,,,true,,goods,2,,,Active,Boite de 200,,SP1326,,628678719217,,,,CoGs Gants non-stériles (Ligne Divocco),,Marchandises en stock,Pochette de stérilisation,Matériel de stérilisation,Pochettes de stérilisation de Divocco
3977868000001193939,2023-07-12 00:21:25,2025-07-26 20:51:44,"Gants Vibrant, XS",,CAD 12.99,Ventes Produits Non-Divocco,true,Aurelia,Aurelia,0,0,0,0,cm,kg,,,,,true,,goods,2,,,Active,Boite de 100,,Au-98225,,9555002101053,,,,Coût des marchandises vendues - Produits Non-Divocco,,Marchandises en stock,Gants latex,Gants,Gants Vibrant
3977868000001193941,2023-07-12 00:21:25,2025-07-26 20:51:44,"Gants Vibrant, S",,CAD 12.99,Ventes Produits Non-Divocco,true,Aurelia,Aurelia,0,0,0,0,cm,kg,,,,,true,,goods,2,,,Active,Boite de 100,,Au-98226,,9555002101060,,,,Coût des marchandises vendues - Produits Non-Divocco,,Marchandises en stock,Gants latex,Gants,Gants Vibrant
3977868000001193943,2023-07-12 00:21:25,2025-07-26 20:51:44,"Gants Vibrant, M",,CAD 12.99,Ventes Produits Non-Divocco,true,Aurelia,Aurelia,0,0,0,0,cm,kg,,,,,true,,goods,2,,,Active,Boite de 100,,Au-98227,,9555002101077,,,,Coût des marchandises vendues - Produits Non-Divocco,,Marchandises en stock,Gants latex,Gants,Gants Vibrant
3977868000001193945,2023-07-12 00:21:25,2025-07-26 20:51:44,"Gants Vibrant, L",,CAD 12.99,Ventes Produits Non-Divocco,true,Aurelia,Aurelia,0,0,0,0,cm,kg,,,,,true,,goods,2,,,Active,Boite de 100,,Au-98228,,9555002101084,,,,Coût des marchandises vendues - Produits Non-Divocco,,Marchandises en stock,Gants latex,Gants,Gants Vibrant
3977868000001193947,2023-07-12 00:21:25,2025-02-15 03:04:55,"Gants Vibrant, XL",,CAD 12.99,Ventes Produits Non-Divocco,true,Aurelia,Aurelia,0,0,0,0,cm,kg,,,,,true,,goods,2,,,Active,Boite de 100,,Au-98229,,,,,,Coût des marchandises vendues - Produits Non-Divocco,,Marchandises en stock,Gants latex,Gants,Gants Vibrant
3977868000001194015,2023-07-12 00:21:26,2025-04-16 13:56:23,Gants Distinct-XS,,CAD 1.00,Ventes Produits Non-Divocco,true,Aurelia,Aurelia,0,0,0,0,cm,kg,,,,,true,,goods,2,,,Active,boite de 100,,Au-29225,,,,,,Coût des marchandises vendues - Produits Non-Divocco,,Marchandises en stock,*Produits d/c en liquidation d'inventaire,,Gants Distinct
3977868000001194017,2023-07-12 00:21:26,2025-07-26 20:51:44,Gants Distinct-S,,CAD 1.00,Ventes Produits Non-Divocco,true,Aurelia,Aurelia,0,0,0,0,cm,kg,,,,,true,,goods,2,,,Active,boite de 100,,Au-29226,,,,,,Coût des marchandises vendues - Produits Non-Divocco,,Marchandises en stock,*Produits d/c en liquidation d'inventaire,,Gants Distinct
3977868000001194019,2023-07-12 00:21:26,2025-07-26 20:51:44,Gants Distinct-M,,CAD 1.00,Ventes Produits Non-Divocco,true,Aurelia,Aurelia,0,0,0,0,cm,kg,,,,,true,,goods,2,,,Active,boite de 100,,Au-29227,,9555002101428,,,,Coût des marchandises vendues - Produits Non-Divocco,,Marchandises en stock,*Produits d/c en liquidation d'inventaire,,Gants Distinct
3977868000001194079,2023-07-12 00:21:26,2025-07-26 20:51:44,"Gants Amazing, XS",,CAD 29.99,Ventes Produits Non-Divocco,true,Aurelia,Aurelia,0,0,0,0,cm,kg,,,,,true,,goods,2,,,Active,Boite de 300,,Au-92885,,9555002102807,,,,Coût des marchandises vendues - Produits Non-Divocco,,Marchandises en stock,Gants nitrile,Gants,Gants Amazing
3977868000001194081,2023-07-12 00:21:26,2025-08-03 08:02:58,"Gants Amazing, S",,CAD 29.99,Ventes Produits Non-Divocco,true,Aurelia,Aurelia,0,0,0,0,cm,kg,,,,,true,,goods,2,,,Active,Boite de 300,,Au-92886,,9555002102814,,,,Coût des marchandises vendues - Produits Non-Divocco,,Marchandises en stock,Gants nitrile,Gants,Gants Amazing
3977868000001194083,2023-07-12 00:21:26,2025-07-26 20:51:44,"Gants Amazing, M",,CAD 29.99,Ventes Produits Non-Divocco,true,Aurelia,Aurelia,0,0,0,0,cm,kg,,,,,true,,goods,2,,,Active,Boite de 300,,Au-92887,,9555002102821,,,,Coût des marchandises vendues - Produits Non-Divocco,,Marchandises en stock,Gants nitrile,Gants,Gants Amazing
3977868000001194085,2023-07-12 00:21:26,2025-07-26 20:51:44,"Gants Amazing, L",,CAD 29.99,Ventes Produits Non-Divocco,true,Aurelia,Aurelia,0,0,0,0,cm,kg,,,,,true,,goods,2,,,Active,Boite de 300,,Au-92888,,9555002102838,,,,Coût des marchandises vendues - Produits Non-Divocco,,Marchandises en stock,Gants nitrile,Gants,Gants Amazing
3977868000001194087,2023-07-12 00:21:26,2025-02-15 03:04:57,"Gants Amazing, XL",,CAD 29.99,Ventes Produits Non-Divocco,true,Aurelia,Aurelia,0,0,0,0,cm,kg,,,,,true,,goods,2,,,Active,Boite de 300,,Au-92889,,,,,,Coût des marchandises vendues - Produits Non-Divocco,,Marchandises en stock,Gants nitrile,Gants,Gants Amazing
3977868000001194155,2023-07-12 00:21:26,2025-07-26 13:47:24,"Gants Sonic, XS",,CAD 27.99,Ventes Produits Non-Divocco,true,Aurelia,Aurelia,0,0,0,0,cm,kg,,,,,true,,goods,2,,,Active,Boite de 300,,Au-93775,,9555002105563,,,,Coût des marchandises vendues - Produits Non-Divocco,,Marchandises en stock,Gants nitrile,Gants,Gants Sonic
3977868000001194157,2023-07-12 00:21:26,2025-07-26 13:47:24,"Gants Sonic, S",,CAD 27.99,Ventes Produits Non-Divocco,true,Aurelia,Aurelia,0,0,0,0,cm,kg,,,,,true,,goods,2,,,Active,Boite de 300,,Au-93776,,9555002105570,,,,Coût des marchandises vendues - Produits Non-Divocco,,Marchandises en stock,Gants nitrile,Gants,Gants Sonic
3977868000001194159,2023-07-12 00:21:26,2025-07-26 13:47:24,"Gants Sonic, M",,CAD 27.99,Ventes Produits Non-Divocco,true,Aurelia,Aurelia,0,0,0,0,cm,kg,,,,,true,,goods,2,,,Active,Boite de 300,,Au-93777,,9555002105587,,,,Coût des marchandises vendues - Produits Non-Divocco,,Marchandises en stock,Gants nitrile,Gants,Gants Sonic
3977868000001194161,2023-07-12 00:21:26,2025-02-15 03:04:58,"Gants Sonic, L",,CAD 27.99,Ventes Produits Non-Divocco,true,Aurelia,Aurelia,0,0,0,0,cm,kg,,,,,true,,goods,2,,,Active,Boite de 300,,Au-93778,,9555002105594,,,,Coût des marchandises vendues - Produits Non-Divocco,,Marchandises en stock,Gants nitrile,Gants,Gants Sonic
3977868000001194163,2023-07-12 00:21:26,2025-02-15 03:04:58,"Gants Sonic, XL",,CAD 27.99,Ventes Produits Non-Divocco,true,Aurelia,Aurelia,0,0,0,0,cm,kg,,,,,true,,goods,2,,,Active,Boite de 300,,Au-93779,,,,,,Coût des marchandises vendues - Produits Non-Divocco,,Marchandises en stock,Gants nitrile,Gants,Gants Sonic
3977868000001194231,2023-07-12 00:21:26,2025-02-15 03:04:58,Gants Renew-XS,,CAD 1.00,Ventes Produits Non-Divocco,true,Aurelia,Aurelia,0,0,0,0,cm,kg,,,,,true,,goods,2,,,Active,boite de 300,boite de 300,Au-93285,,,,,,Coût des marchandises vendues - Produits Non-Divocco,,Marchandises en stock,*Produits d/c en liquidation d'inventaire,,Gants Renew
3977868000001194233,2023-07-12 00:21:26,2025-07-26 20:51:44,Gants Renew-S,,CAD 1.00,Ventes Produits Non-Divocco,true,Aurelia,Aurelia,0,0,0,0,cm,kg,,,,,true,,goods,2,,,Active,boite de 300,boite de 300,Au-93286,,9555002113261,,,,Coût des marchandises vendues - Produits Non-Divocco,,Marchandises en stock,*Produits d/c en liquidation d'inventaire,,Gants Renew
3977868000001194237,2023-07-12 00:21:26,2025-02-15 03:04:59,Gants Renew-L,,CAD 1.00,Ventes Produits Non-Divocco,true,Aurelia,Aurelia,0,0,0,0,cm,kg,,,,,true,,goods,2,,,Active,boite de 300,boite de 300,Au-93288,,,,,,Coût des marchandises vendues - Produits Non-Divocco,,Marchandises en stock,*Produits d/c en liquidation d'inventaire,,Gants Renew
3977868000001194239,2023-07-12 00:21:26,2025-02-15 03:04:59,Gants Renew-XL,,CAD 1.00,Ventes Produits Non-Divocco,true,Aurelia,Aurelia,0,0,0,0,cm,kg,,,,,true,,goods,2,,,Active,boite de 300,boite de 300,Au-93289,,,,,,Coût des marchandises vendues - Produits Non-Divocco,,Marchandises en stock,*Produits d/c en liquidation d'inventaire,,Gants Renew
3977868000001194303,2023-07-12 00:21:27,2025-02-15 03:04:59,"Gants BeyondSafe 2.2, XS",,CAD 10.99,Ventes Produits Non-Divocco,true,Aurelia,Aurelia,0,0,0,0,cm,kg,,,,,true,,goods,2,,,Active,Boite de 100,,Au-83775,,,,,,Coût des marchandises vendues - Produits Non-Divocco,,Marchandises en stock,Gants nitrile,Gants,Gants BeyondSafe
3977868000001194305,2023-07-12 00:21:27,2025-02-15 03:05:00,"Gants BeyondSafe 2.2, S",,CAD 10.99,Ventes Produits Non-Divocco,true,Aurelia,Aurelia,0,0,0,0,cm,kg,,,,,true,,goods,2,,,Active,Boite de 100,,Au-83776,,,,,,Coût des marchandises vendues - Produits Non-Divocco,,Marchandises en stock,Gants nitrile,Gants,Gants BeyondSafe
3977868000001194307,2023-07-12 00:21:27,2025-02-15 03:05:00,"Gants BeyondSafe 2.2, M",,CAD 10.99,Ventes Produits Non-Divocco,true,Aurelia,Aurelia,0,0,0,0,cm,kg,,,,,true,,goods,2,,,Active,Boite de 100,,Au-83777,,,,,,Coût des marchandises vendues - Produits Non-Divocco,,Marchandises en stock,Gants nitrile,Gants,Gants BeyondSafe
3977868000001194309,2023-07-12 00:21:27,2025-02-15 03:05:00,"Gants BeyondSafe 2.2, L",,CAD 10.99,Ventes Produits Non-Divocco,true,Aurelia,Aurelia,0,0,0,0,cm,kg,,,,,true,,goods,2,,,Active,Boite de 100,,Au-83778,,,,,,Coût des marchandises vendues - Produits Non-Divocco,,Marchandises en stock,Gants nitrile,Gants,Gants BeyondSafe
3977868000001194311,2023-07-12 00:21:27,2025-02-15 03:05:00,"Gants BeyondSafe 2.2, XL",,CAD 10.99,Ventes Produits Non-Divocco,true,Aurelia,Aurelia,0,0,0,0,cm,kg,,,,,true,,goods,2,,,Active,Boite de 100,,Au-83779,,,,,,Coût des marchandises vendues - Produits Non-Divocco,,Marchandises en stock,Gants nitrile,Gants,Gants BeyondSafe
3977868000001194313,2023-07-12 00:21:27,2025-02-15 03:05:00,"Gants BeyondSafe 3.2, S",,CAD 12.99,Ventes Produits Non-Divocco,true,Aurelia,Aurelia,0,0,0,0,cm,kg,,,,,true,,goods,2,,,Active,Boite de 100,,Au-8889A6,,,,,,Coût des marchandises vendues - Produits Non-Divocco,,Marchandises en stock,Gants nitrile,Gants,Gants BeyondSafe
3977868000001194315,2023-07-12 00:21:27,2025-02-15 03:05:01,"Gants BeyondSafe 3.2, M",,CAD 12.99,Ventes Produits Non-Divocco,true,Aurelia,Aurelia,0,0,0,0,cm,kg,,,,,true,,goods,2,,,Active,Boite de 100,,Au-8889A7,,,,,,Coût des marchandises vendues - Produits Non-Divocco,,Marchandises en stock,Gants nitrile,Gants,Gants BeyondSafe
3977868000001194317,2023-07-12 00:21:27,2025-02-15 03:05:01,"Gants BeyondSafe 3.2, L",,CAD 12.99,Ventes Produits Non-Divocco,true,Aurelia,Aurelia,0,0,0,0,cm,kg,,,,,true,,goods,2,,,Active,Boite de 100,,Au-8889A8,,,,,,Coût des marchandises vendues - Produits Non-Divocco,,Marchandises en stock,Gants nitrile,Gants,Gants BeyondSafe
3977868000001194319,2023-07-12 00:21:27,2025-02-15 03:05:01,"Gants BeyondSafe 3.2, XL",,CAD 12.99,Ventes Produits Non-Divocco,true,Aurelia,Aurelia,0,0,0,0,cm,kg,,,,,true,,goods,2,,,Active,Boite de 90,,Au-8889A9,,,,,,Coût des marchandises vendues - Produits Non-Divocco,,Marchandises en stock,Gants nitrile,Gants,Gants BeyondSafe
3977868000001194379,2023-07-12 00:21:27,2025-07-26 20:51:44,"Gants Perform, XS",,CAD 26.99,Ventes Produits Non-Divocco,true,Aurelia,Aurelia,0,0,0,0,cm,kg,,,,,true,,goods,2,,,Active,Boite de 200,,Au-92395,,9555002102746,,,,Coût des marchandises vendues - Produits Non-Divocco,,Marchandises en stock,Gants nitrile,Gants,Gants Perform
3977868000001194381,2023-07-12 00:21:27,2025-07-26 20:51:44,"Gants Perform, S",,CAD 23.99,Ventes Produits Non-Divocco,true,Aurelia,Aurelia,0,0,0,0,cm,kg,,,,,true,,goods,2,,,Active,Boite de 200,,Au-92396,,9555002102753,,,,Coût des marchandises vendues - Produits Non-Divocco,,Marchandises en stock,Gants nitrile,Gants,Gants Perform
3977868000001194383,2023-07-12 00:21:27,2025-07-26 20:51:44,"Gants Perform, M",,CAD 23.99,Ventes Produits Non-Divocco,true,Aurelia,Aurelia,0,0,0,0,cm,kg,,,,,true,,goods,2,,,Active,Boite de 200,,Au-92397,,9555002102760,,,,Coût des marchandises vendues - Produits Non-Divocco,,Marchandises en stock,Gants nitrile,Gants,Gants Perform
3977868000001194385,2023-07-12 00:21:27,2025-02-15 03:05:02,"Gants Perform, L",,CAD 23.99,Ventes Produits Non-Divocco,true,Aurelia,Aurelia,0,0,0,0,cm,kg,,,,,true,,goods,2,,,Active,Boite de 200,,Au-92398,,,,,,Coût des marchandises vendues - Produits Non-Divocco,,Marchandises en stock,Gants nitrile,Gants,Gants Perform
3977868000001194387,2023-07-12 00:21:27,2025-02-15 03:05:02,"Gants Perform, XL",,CAD 23.99,Ventes Produits Non-Divocco,true,Aurelia,Aurelia,0,0,0,0,cm,kg,,,,,true,,goods,2,,,Active,Boite de 200,,Au-92399,,,,,,Coût des marchandises vendues - Produits Non-Divocco,,Marchandises en stock,Gants nitrile,Gants,Gants Perform
3977868000001194451,2023-07-12 00:21:27,2025-03-20 11:53:00,"Gants Blush, XS",,CAD 23.99,Ventes Produits Non-Divocco,true,Aurelia,Aurelia,0,0,0,0,cm,kg,,,,,true,,goods,2,,,Active,Boite de 200,,Au-78885,,9555002105242,,,,Coût des marchandises vendues - Produits Non-Divocco,,Marchandises en stock,Gants nitrile,Gants,Gants Blush
3977868000001194453,2023-07-12 00:21:27,2025-07-26 20:51:44,"Gants Blush, S",,CAD 23.99,Ventes Produits Non-Divocco,true,Aurelia,Aurelia,0,0,0,0,cm,kg,,,,,true,,goods,2,,,Active,Boite de 200,,Au-78886,,9555002105259,,,,Coût des marchandises vendues - Produits Non-Divocco,,Marchandises en stock,Gants nitrile,Gants,Gants Blush
3977868000001194455,2023-07-12 00:21:27,2025-07-26 20:51:44,"Gants Blush, M",,CAD 23.99,Ventes Produits Non-Divocco,true,Aurelia,Aurelia,0,0,0,0,cm,kg,,,,,true,,goods,2,,,Active,Boite de 200,,Au-78887,,9555002105266,,,,Coût des marchandises vendues - Produits Non-Divocco,,Marchandises en stock,Gants nitrile,Gants,Gants Blush
3977868000001194457,2023-07-12 00:21:27,2025-07-26 20:51:44,"Gants Blush, L",,CAD 23.99,Ventes Produits Non-Divocco,true,Aurelia,Aurelia,0,0,0,0,cm,kg,,,,,true,,goods,2,,,Active,Boite de 200,,Au-78888,,9555002105273,,,,Coût des marchandises vendues - Produits Non-Divocco,,Marchandises en stock,Gants nitrile,Gants,Gants Blush
3977868000001194525,2023-07-12 00:21:27,2025-07-26 20:51:44,"Gants Transform, S",,CAD 10.99,Ventes Produits Non-Divocco,true,Aurelia,Aurelia,0,0,0,0,cm,kg,,,,,true,,goods,2,,,Active,Boite de 100,,Au-9889A6,,555002102937,,,,Coût des marchandises vendues - Produits Non-Divocco,,Marchandises en stock,Gants nitrile,Gants,Gants Tranform
3977868000001194527,2023-07-12 00:21:27,2025-04-08 12:45:56,"Gants Transform, M",,CAD 10.99,Ventes Produits Non-Divocco,true,Aurelia,Aurelia,0,0,0,0,cm,kg,,,,,true,,goods,2,,,Active,Boite de 100,,Au-9889A7,,555002102944,,,,Coût des marchandises vendues - Produits Non-Divocco,,Marchandises en stock,Gants nitrile,Gants,Gants Tranform
3977868000001194599,2023-07-12 00:21:28,2025-07-26 20:51:44,"Gants Absolute 100, XS",,CAD 11.99,Ventes Produits Non-Divocco,true,Aurelia,Aurelia,0,0,0,0,cm,kg,,,,,true,,goods,2,,,Active,Boite de 100,,Au-9899A5,,,,,,Coût des marchandises vendues - Produits Non-Divocco,,Marchandises en stock,Gants nitrile,Gants,Gants Absolute 100
3977868000001194601,2023-07-12 00:21:28,2025-07-26 20:51:44,"Gants Absolute 100, S",,CAD 11.99,Ventes Produits Non-Divocco,true,Aurelia,Aurelia,0,0,0,0,cm,kg,,,,,true,,goods,2,,,Active,Boite de 100,,Au-9899A6,,,,,,Coût des marchandises vendues - Produits Non-Divocco,,Marchandises en stock,Gants nitrile,Gants,Gants Absolute 100
3977868000001194603,2023-07-12 00:21:28,2025-07-26 20:51:44,"Gants Absolute 100, M",,CAD 11.99,Ventes Produits Non-Divocco,true,Aurelia,Aurelia,0,0,0,0,cm,kg,,,,,true,,goods,2,,,Active,Boite de 100,,Au-9899A7,,9551003453092,,,,Coût des marchandises vendues - Produits Non-Divocco,,Marchandises en stock,Gants nitrile,Gants,Gants Absolute 100
3977868000001194605,2023-07-12 00:21:28,2025-02-15 03:05:05,"Gants Absolute 100, L",,CAD 11.99,Ventes Produits Non-Divocco,true,Aurelia,Aurelia,0,0,0,0,cm,kg,,,,,true,,goods,2,,,Active,Boite de 100,,Au-9899A8,,,,,,Coût des marchandises vendues - Produits Non-Divocco,,Marchandises en stock,Gants nitrile,Gants,Gants Absolute 100
3977868000001194607,2023-07-12 00:21:28,2025-02-15 03:05:05,"Gants Absolute 100, XL",,CAD 11.99,Ventes Produits Non-Divocco,true,Aurelia,Aurelia,0,0,0,0,cm,kg,,,,,true,,goods,2,,,Active,Boite de 90,,Au-9899A9,,,,,,Coût des marchandises vendues - Produits Non-Divocco,,Marchandises en stock,Gants nitrile,Gants,Gants Absolute 100
3977868000001194721,2023-07-12 00:21:28,2025-02-15 03:05:06,"Gants Robust Plus 12 pouces, S",,CAD 15.99,Ventes Produits Non-Divocco,true,Aurelia,Aurelia,0,0,0,0,cm,kg,,,,,true,,goods,2,,,Active,Boite de 100,,Au-63886,,,,,,Coût des marchandises vendues - Produits Non-Divocco,,Marchandises en stock,Gants nitrile,Gants,Gants Robust
3977868000001194723,2023-07-12 00:21:28,2025-02-15 03:05:07,"Gants Robust Plus 12 pouces, M",,CAD 15.99,Ventes Produits Non-Divocco,true,Aurelia,Aurelia,0,0,0,0,cm,kg,,,,,true,,goods,2,,,Active,Boite de 100,,Au-63887,,,,,,Coût des marchandises vendues - Produits Non-Divocco,,Marchandises en stock,Gants nitrile,Gants,Gants Robust
3977868000001194725,2023-07-12 00:21:28,2025-02-15 03:05:07,"Gants Robust Plus 12 pouces, L",,CAD 15.99,Ventes Produits Non-Divocco,true,Aurelia,Aurelia,0,0,0,0,cm,kg,,,,,true,,goods,2,,,Active,Boite de 100,,Au-63888,,,,,,Coût des marchandises vendues - Produits Non-Divocco,,Marchandises en stock,Gants nitrile,Gants,Gants Robust
3977868000001194727,2023-07-12 00:21:28,2025-02-15 03:05:07,"Gants Robust Plus 12 pouces, XL",,CAD 15.99,Ventes Produits Non-Divocco,true,Aurelia,Aurelia,0,0,0,0,cm,kg,,,,,true,,goods,2,,,Active,Boite de 100,,Au-63889,,,,,,Coût des marchandises vendues - Produits Non-Divocco,,Marchandises en stock,Gants nitrile,Gants,Gants Robust
3977868000001194729,2023-07-12 00:21:28,2025-02-15 03:05:07,"Gants Robust Plus 12 pouces, XXL",,CAD 15.99,Ventes Produits Non-Divocco,true,Aurelia,Aurelia,0,0,0,0,cm,kg,,,,,true,,goods,2,,,Active,Boite de 100,,Au-63880,,,,,,Coût des marchandises vendues - Produits Non-Divocco,,Marchandises en stock,Gants nitrile,Gants,Gants Robust
3977868000001194731,2023-07-12 00:21:28,2025-02-15 03:05:07,"Gants Robust, XS",,CAD 13.99,Ventes Produits Non-Divocco,true,Aurelia,Aurelia,0,0,0,0,cm,kg,,,,,true,,goods,2,,,Active,Boite de 100,,Au-93895,,,,,,Coût des marchandises vendues - Produits Non-Divocco,,Marchandises en stock,Gants nitrile,Gants,Gants Robust
3977868000001194733,2023-07-12 00:21:28,2025-02-15 03:05:08,"Gants Robust, S",,CAD 13.99,Ventes Produits Non-Divocco,true,Aurelia,Aurelia,0,0,0,0,cm,kg,,,,,true,,goods,2,,,Active,Boite de 100,,Au-93896,,,,,,Coût des marchandises vendues - Produits Non-Divocco,,Marchandises en stock,Gants nitrile,Gants,Gants Robust
3977868000001194735,2023-07-12 00:21:28,2025-02-15 03:05:08,"Gants Robust, M",,CAD 13.99,Ventes Produits Non-Divocco,true,Aurelia,Aurelia,0,0,0,0,cm,kg,,,,,true,,goods,2,,,Active,Boite de 100,,Au-93897,,,,,,Coût des marchandises vendues - Produits Non-Divocco,,Marchandises en stock,Gants nitrile,Gants,Gants Robust
3977868000001194737,2023-07-12 00:21:28,2025-02-15 03:05:08,"Gants Robust, L",,CAD 13.99,Ventes Produits Non-Divocco,true,Aurelia,Aurelia,0,0,0,0,cm,kg,,,,,true,,goods,2,,,Active,Boite de 100,,Au-93898,,,,,,Coût des marchandises vendues - Produits Non-Divocco,,Marchandises en stock,Gants nitrile,Gants,Gants Robust
3977868000001194739,2023-07-12 00:21:28,2025-02-15 03:05:08,"Gants Robust, XL",,CAD 13.99,Ventes Produits Non-Divocco,true,Aurelia,Aurelia,0,0,0,0,cm,kg,,,,,true,,goods,2,,,Active,Boite de 90,,Au-93899,,,,,,Coût des marchandises vendues - Produits Non-Divocco,,Marchandises en stock,Gants nitrile,Gants,Gants Robust
3977868000001194741,2023-07-12 00:21:28,2025-02-15 03:05:08,"Gants Robust, XXL",,CAD 13.99,Ventes Produits Non-Divocco,true,Aurelia,Aurelia,0,0,0,0,cm,kg,,,,,true,,goods,2,,,Active,Boite de 90,,Au-93890,,,,,,Coût des marchandises vendues - Produits Non-Divocco,,Marchandises en stock,Gants nitrile,Gants,Gants Robust
3977868000001194743,2023-07-12 00:21:28,2025-02-15 03:05:08,Gants Robust-S-Robust 9 (6 mil),,CAD 1.00,Ventes Produits Non-Divocco,true,Aurelia,Aurelia,0,0,0,0,cm,kg,,,,,true,,goods,2,,,Active,boite de 100,,Au-96896,,,,,,Coût des marchandises vendues - Produits Non-Divocco,,Marchandises en stock,Gants nitrile,Gants,Gants Robust
3977868000001194745,2023-07-12 00:21:28,2025-02-15 03:05:09,Gants Robust-M-Robust 9 (6 mil),,CAD 1.00,Ventes Produits Non-Divocco,true,Aurelia,Aurelia,0,0,0,0,cm,kg,,,,,true,,goods,2,,,Active,boite de 100,,Au-96897,,,,,,Coût des marchandises vendues - Produits Non-Divocco,,Marchandises en stock,Gants nitrile,Gants,Gants Robust
3977868000001194747,2023-07-12 00:21:28,2025-02-15 03:05:09,Gants Robust-L-Robust 9 (6 mil),,CAD 1.00,Ventes Produits Non-Divocco,true,Aurelia,Aurelia,0,0,0,0,cm,kg,,,,,true,,goods,2,,,Active,boite de 100,,Au-96898,,,,,,Coût des marchandises vendues - Produits Non-Divocco,,Marchandises en stock,Gants nitrile,Gants,Gants Robust
3977868000001194749,2023-07-12 00:21:28,2025-02-15 03:05:09,Gants Robust-XL-Robust 9 (6 mil),,CAD 1.00,Ventes Produits Non-Divocco,true,Aurelia,Aurelia,0,0,0,0,cm,kg,,,,,true,,goods,2,,,Active,boite de 100,,Au-96899,,,,,,Coût des marchandises vendues - Produits Non-Divocco,,Marchandises en stock,Gants nitrile,Gants,Gants Robust
3977868000001194849,2023-07-12 00:21:28,2025-07-26 20:51:44,"Gants Bold, XS",,CAD 12.99,Ventes Produits Non-Divocco,true,Aurelia,Aurelia,0,0,0,0,cm,kg,,,,,true,,goods,2,,,Active,Boite de 100,,Au-73995,,,,,,Coût des marchandises vendues - Produits Non-Divocco,,Marchandises en stock,Gants nitrile,Gants,Gants Bold
3977868000001194851,2023-07-12 00:21:28,2025-02-15 03:05:10,"Gants Bold, S",,CAD 12.99,Ventes Produits Non-Divocco,true,Aurelia,Aurelia,0,0,0,0,cm,kg,,,,,true,,goods,2,,,Active,Boite de 100,,Au-73996,,,,,,Coût des marchandises vendues - Produits Non-Divocco,,Marchandises en stock,Gants nitrile,Gants,Gants Bold
3977868000001194853,2023-07-12 00:21:28,2025-02-15 03:05:10,"Gants Bold, M",,CAD 12.99,Ventes Produits Non-Divocco,true,Aurelia,Aurelia,0,0,0,0,cm,kg,,,,,true,,goods,2,,,Active,Boite de 100,,Au-73997,,,,,,Coût des marchandises vendues - Produits Non-Divocco,,Marchandises en stock,Gants nitrile,Gants,Gants Bold
3977868000001194855,2023-07-12 00:21:28,2025-02-15 03:05:10,"Gants Bold, L",,CAD 12.99,Ventes Produits Non-Divocco,true,Aurelia,Aurelia,0,0,0,0,cm,kg,,,,,true,,goods,2,,,Active,Boite de 100,,Au-73998,,,,,,Coût des marchandises vendues - Produits Non-Divocco,,Marchandises en stock,Gants nitrile,Gants,Gants Bold
3977868000001194857,2023-07-12 00:21:28,2025-02-15 03:05:10,"Gants Bold, XL",,CAD 12.99,Ventes Produits Non-Divocco,true,Aurelia,Aurelia,0,0,0,0,cm,kg,,,,,true,,goods,2,,,Active,Boite de 100,,Au-73999,,,,,,Coût des marchandises vendues - Produits Non-Divocco,,Marchandises en stock,Gants nitrile,Gants,Gants Bold
3977868000001194859,2023-07-12 00:21:28,2025-02-15 03:05:10,"Gants Bold, XXL",,CAD 12.99,Ventes Produits Non-Divocco,true,Aurelia,Aurelia,0,0,0,0,cm,kg,,,,,true,,goods,2,,,Active,Boite de 100,,Au-73990,,,,,,Coût des marchandises vendues - Produits Non-Divocco,,Marchandises en stock,Gants nitrile,Gants,Gants Bold
3977868000001194861,2023-07-12 00:21:28,2025-02-15 03:05:11,Gants Bold-M-Bold Max (6 mil),,CAD 1.00,Ventes Produits Non-Divocco,true,Aurelia,Aurelia,0,0,0,0,cm,kg,,,,,true,,goods,2,,,Active,boite de 90,,Au-97897,,,,,,Coût des marchandises vendues - Produits Non-Divocco,,Marchandises en stock,Gants nitrile,Gants,Gants Bold
3977868000001194863,2023-07-12 00:21:28,2025-02-15 03:05:11,Gants Bold-L-Bold Max (6 mil),,CAD 1.00,Ventes Produits Non-Divocco,true,Aurelia,Aurelia,0,0,0,0,cm,kg,,,,,true,,goods,2,,,Active,boite de 90,,Au-97898,,,,,,Coût des marchandises vendues - Produits Non-Divocco,,Marchandises en stock,Gants nitrile,Gants,Gants Bold
3977868000001194865,2023-07-12 00:21:28,2025-02-15 03:05:11,Gants Bold-XL-Bold Max (6 mil),,CAD 1.00,Ventes Produits Non-Divocco,true,Aurelia,Aurelia,0,0,0,0,cm,kg,,,,,true,,goods,2,,,Active,boite de 90,,Au-97899,,,,,,Coût des marchandises vendues - Produits Non-Divocco,,Marchandises en stock,Gants nitrile,Gants,Gants Bold
3977868000001194867,2023-07-12 00:21:28,2025-02-15 03:05:11,Gants Bold-XXL-Bold Max (6 mil),,CAD 1.00,Ventes Produits Non-Divocco,true,Aurelia,Aurelia,0,0,0,0,cm,kg,,,,,true,,goods,2,,,Active,boite de 90,,Au-97890,,,,,,Coût des marchandises vendues - Produits Non-Divocco,,Marchandises en stock,Gants nitrile,Gants,Gants Bold
3977868000001194969,2023-07-12 00:21:29,2025-04-16 12:48:49,"Aurelia Delight PF vinyl, XS",,CAD 6.99,Ventes Produits Non-Divocco,true,Aurelia,Aurelia,0,0,0,0,cm,kg,,,,,true,,goods,2,,,Active,Boite de 100,,Au-38225,,,,,,Coût des marchandises vendues - Produits Non-Divocco,,Marchandises en stock,Gants vinyle et hybride,Gants,Aurelia Delight PF vinyl
3977868000001194971,2023-07-12 00:21:29,2025-02-15 03:05:41,"Aurelia Delight PF vinyl, S",,CAD 6.99,Ventes Produits Non-Divocco,true,Aurelia,Aurelia,0,0,0,0,cm,kg,,,,,true,,goods,2,,,Active,Boite de 100,,Au-38226,,,,,,Coût des marchandises vendues - Produits Non-Divocco,,Marchandises en stock,Gants vinyle et hybride,Gants,Aurelia Delight PF vinyl
3977868000001194973,2023-07-12 00:21:29,2025-02-15 03:05:41,"Aurelia Delight PF vinyl, M",,CAD 6.99,Ventes Produits Non-Divocco,true,Aurelia,Aurelia,0,0,0,0,cm,kg,,,,,true,,goods,2,,,Active,Boite de 100,,Au-38227,,,,,,Coût des marchandises vendues - Produits Non-Divocco,,Marchandises en stock,Gants vinyle et hybride,Gants,Aurelia Delight PF vinyl
3977868000001194975,2023-07-12 00:21:29,2025-02-15 03:05:41,"Aurelia Delight PF vinyl, L",,CAD 6.99,Ventes Produits Non-Divocco,true,Aurelia,Aurelia,0,0,0,0,cm,kg,,,,,true,,goods,2,,,Active,Boite de 100,,Au-38228,,,,,,Coût des marchandises vendues - Produits Non-Divocco,,Marchandises en stock,Gants vinyle et hybride,Gants,Aurelia Delight PF vinyl
3977868000001194977,2023-07-12 00:21:29,2025-02-15 03:05:42,"Aurelia Delight PF vinyl, XL",,CAD 6.99,Ventes Produits Non-Divocco,true,Aurelia,Aurelia,0,0,0,0,cm,kg,,,,,true,,goods,2,,,Active,Boite de 100,,Au-38229,,,,,,Coût des marchandises vendues - Produits Non-Divocco,,Marchandises en stock,Gants vinyle et hybride,Gants,Aurelia Delight PF vinyl
3977868000001195013,2023-07-12 00:21:29,2025-02-15 03:05:42,"Aurelia Delight PF Blue vinyl, S",,CAD 7.49,Ventes Produits Non-Divocco,true,Aurelia,Aurelia,0,0,0,0,cm,kg,,,,,true,,goods,2,,,Active,Boite de 100,,Au-38996,,,,,,Coût des marchandises vendues - Produits Non-Divocco,,Marchandises en stock,Gants vinyle et hybride,Gants,Aurelia Delight PF Blue vinyl
3977868000001195015,2023-07-12 00:21:29,2025-02-15 03:05:42,"Aurelia Delight PF Blue vinyl, M",,CAD 7.49,Ventes Produits Non-Divocco,true,Aurelia,Aurelia,0,0,0,0,cm,kg,,,,,true,,goods,2,,,Active,Boite de 100,,Au-38997,,,,,,Coût des marchandises vendues - Produits Non-Divocco,,Marchandises en stock,Gants vinyle et hybride,Gants,Aurelia Delight PF Blue vinyl
3977868000001195017,2023-07-12 00:21:29,2025-02-15 03:05:42,"Aurelia Delight PF Blue vinyl, L",,CAD 7.49,Ventes Produits Non-Divocco,true,Aurelia,Aurelia,0,0,0,0,cm,kg,,,,,true,,goods,2,,,Active,Boite de 100,,Au-38998,,,,,,Coût des marchandises vendues - Produits Non-Divocco,,Marchandises en stock,Gants vinyle et hybride,Gants,Aurelia Delight PF Blue vinyl
3977868000001195019,2023-07-12 00:21:29,2025-02-15 03:05:43,"Aurelia Delight PF Blue vinyl, XL",,CAD 7.49,Ventes Produits Non-Divocco,true,Aurelia,Aurelia,0,0,0,0,cm,kg,,,,,true,,goods,2,,,Active,Boite de 100,,Au-38999,,,,,,Coût des marchandises vendues - Produits Non-Divocco,,Marchandises en stock,Gants vinyle et hybride,Gants,Aurelia Delight PF Blue vinyl
3977868000001195021,2023-07-12 00:21:29,2025-02-15 03:05:43,"Aurelia Delight PF Blue vinyl, XXL",,CAD 7.99,Ventes Produits Non-Divocco,true,Aurelia,Aurelia,0,0,0,0,cm,kg,,,,,true,,goods,2,,,Active,Boite de 100,,Au-38994,,,,,,Coût des marchandises vendues - Produits Non-Divocco,,Marchandises en stock,Gants vinyle et hybride,Gants,Aurelia Delight PF Blue vinyl
3977868000001195093,2023-07-12 00:21:29,2025-07-31 13:22:21,"Bavette dentaire Aurelia, 3 plis, Bleu",,CAD 38.99,Ventes Produits Non-Divocco,true,Aurelia,Aurelia,0,0,0,0,cm,kg,,,,,true,,goods,2,,,Active,Caisse de 500,,Au-2001,,,,,,Coût des marchandises vendues - Produits Non-Divocco,,Marchandises en stock,Bavette dentaire,Bavette dentaire et couvre-surface,Bavette dentaire Aurelia
3977868000001195095,2023-07-12 00:21:29,2025-07-26 20:51:44,"Bavette dentaire Aurelia, 3 plis, Rose",,CAD 38.99,Ventes Produits Non-Divocco,true,Aurelia,Aurelia,0,0,0,0,cm,kg,,,,,true,,goods,2,,,Active,Caisse de 500,,Au-2002,,,,,,Coût des marchandises vendues - Produits Non-Divocco,,Marchandises en stock,Bavette dentaire,Bavette dentaire et couvre-surface,Bavette dentaire Aurelia
3977868000001195097,2023-07-12 00:21:29,2025-07-26 20:51:44,"Bavette dentaire Aurelia, 3 plis, Lavande",,CAD 38.99,Ventes Produits Non-Divocco,true,Aurelia,Aurelia,0,0,0,0,cm,kg,,,,,true,,goods,2,,,Active,Caisse de 500,,Au-2003,,,,,,Coût des marchandises vendues - Produits Non-Divocco,,Marchandises en stock,Bavette dentaire,Bavette dentaire et couvre-surface,Bavette dentaire Aurelia
3977868000001195099,2023-07-12 00:21:29,2025-07-26 20:51:44,"Bavette dentaire Aurelia, 3 plis, Vert",,CAD 38.99,Ventes Produits Non-Divocco,true,Aurelia,Aurelia,0,0,0,0,cm,kg,,,,,true,,goods,2,,,Active,Caisse de 500,,Au-2004,,,,,,Coût des marchandises vendues - Produits Non-Divocco,,Marchandises en stock,Bavette dentaire,Bavette dentaire et couvre-surface,Bavette dentaire Aurelia
3977868000001195101,2023-07-12 00:21:29,2025-08-04 09:37:02,"Bavette dentaire Aurelia, 3 plis, Blanc",,CAD 38.99,Ventes Produits Non-Divocco,true,Aurelia,Aurelia,0,0,0,0,cm,kg,,,,,true,,goods,2,,,Active,Caisse de 500,,Au-2005,,,,,,Coût des marchandises vendues - Produits Non-Divocco,,Marchandises en stock,Bavette dentaire,Bavette dentaire et couvre-surface,Bavette dentaire Aurelia
3977868000001195105,2023-07-12 00:21:29,2025-07-26 20:51:44,"Bavette dentaire Aurelia, 3 plis, Aqua",,CAD 38.99,Ventes Produits Non-Divocco,true,Aurelia,Aurelia,0,0,0,0,cm,kg,,,,,true,,goods,2,,,Active,Caisse de 500,,Au-2007,,,,,,Coût des marchandises vendues - Produits Non-Divocco,,Marchandises en stock,Bavette dentaire,Bavette dentaire et couvre-surface,Bavette dentaire Aurelia
3977868000001195109,2023-07-12 00:21:29,2025-06-23 11:46:02,"Bavette dentaire Aurelia, 3 plis, Gris",,CAD 38.99,Ventes Produits Non-Divocco,true,Aurelia,Aurelia,0,0,0,0,cm,kg,,,,,true,,goods,2,,,Active,Caisse de 500,,Au-2009,,,,,,Coût des marchandises vendues - Produits Non-Divocco,,Marchandises en stock,Bavette dentaire,Bavette dentaire et couvre-surface,Bavette dentaire Aurelia
3977868000001195111,2023-07-12 00:21:29,2025-02-15 03:05:46,"Bavette dentaire Aurelia, 3 plis, Noir",,CAD 38.99,Ventes Produits Non-Divocco,true,Aurelia,Aurelia,0,0,0,0,cm,kg,,,,,true,,goods,2,,,Active,Caisse de 500,,Au-2011,,,,,,Coût des marchandises vendues - Produits Non-Divocco,,Marchandises en stock,Bavette dentaire,Bavette dentaire et couvre-surface,Bavette dentaire Aurelia
3977868000001195113,2023-07-12 00:21:29,2025-07-26 20:51:44,"Bavette dentaire Aurelia, 3 plis, Bleu capri",,CAD 38.99,Ventes Produits Non-Divocco,true,Aurelia,Aurelia,0,0,0,0,cm,kg,,,,,true,,goods,2,,,Active,Caisse de 500,,Au-2012,,,,,,Coût des marchandises vendues - Produits Non-Divocco,,Marchandises en stock,Bavette dentaire,Bavette dentaire et couvre-surface,Bavette dentaire Aurelia
3977868000001195205,2023-07-12 00:21:30,2025-07-26 20:51:44,Pochettes de stérilisation de Aurelia 2.5x4,,CAD 7.99,Ventes Produits Non-Divocco,true,Aurelia,Aurelia,0,0,0,0,cm,kg,,,,,true,,goods,2,,,Active,Boite de 200,,Au-SP22540,,811410003112,,,,Coût des marchandises vendues - Produits Non-Divocco,,Marchandises en stock,Pochette de stérilisation,Matériel de stérilisation,Pochettes de stérilisation de Aurelia
3977868000001195207,2023-07-12 00:21:30,2025-07-29 15:04:06,"Pochettes de stérilisation de Aurelia, 2.75 x 9",,CAD 8.99,Ventes Produits Non-Divocco,true,Aurelia,Aurelia,0,0,0,0,cm,kg,,,,,true,,goods,2,,,Active,Boite de 200,,Au-SP27590,,811410003129,,,,Coût des marchandises vendues - Produits Non-Divocco,,Marchandises en stock,Pochette de stérilisation,Matériel de stérilisation,Pochettes de stérilisation de Aurelia
3977868000001195209,2023-07-12 00:21:30,2025-07-29 15:04:06,"Pochettes de stérilisation de Aurelia, 3.5 x 5.25",,CAD 9.99,Ventes Produits Non-Divocco,true,Aurelia,Aurelia,0,0,0,0,cm,kg,,,,,true,,goods,2,,,Active,Boite de 200,,Au-SP35525,,811410003136,,,,Coût des marchandises vendues - Produits Non-Divocco,,Marchandises en stock,Pochette de stérilisation,Matériel de stérilisation,Pochettes de stérilisation de Aurelia
3977868000001195211,2023-07-12 00:21:30,2025-08-04 13:54:37,"Pochettes de stérilisation de Aurelia, 3.5 x 9",,CAD 9.99,Ventes Produits Non-Divocco,true,Aurelia,Aurelia,0,0,0,0,cm,kg,,,,,true,,goods,2,,,Active,Boite de 200,,Au-SP35900,,811410003143,,,,Coût des marchandises vendues - Produits Non-Divocco,,Marchandises en stock,Pochette de stérilisation,Matériel de stérilisation,Pochettes de stérilisation de Aurelia
3977868000001195213,2023-07-12 00:21:30,2025-07-31 13:23:41,"Pochettes de stérilisation de Aurelia, 5.5 x 6.5",,CAD 13.49,Ventes Produits Non-Divocco,true,Aurelia,Aurelia,0,0,0,0,cm,kg,,,,,true,,goods,2,,,Active,Boite de 200,,Au-SP52565,,811410003150,,,,Coût des marchandises vendues - Produits Non-Divocco,,Marchandises en stock,Pochette de stérilisation,Matériel de stérilisation,Pochettes de stérilisation de Aurelia
3977868000001195215,2023-07-12 00:21:30,2025-07-26 20:51:44,"Pochettes de stérilisation de Aurelia, 5.25 x 10",,CAD 18.49,Ventes Produits Non-Divocco,true,Aurelia,Aurelia,0,0,0,0,cm,kg,,,,,true,,goods,2,,,Active,Boite de 200,,Au-SP52510,,811410003167,,,,Coût des marchandises vendues - Produits Non-Divocco,,Marchandises en stock,Pochette de stérilisation,Matériel de stérilisation,Pochettes de stérilisation de Aurelia
3977868000001195217,2023-07-12 00:21:30,2025-07-29 15:04:07,"Pochettes de stérilisation de Aurelia, 7x13 po",,CAD 22.99,Ventes Produits Non-Divocco,true,Aurelia,Aurelia,0,0,0,0,cm,kg,,,,,true,,goods,2,,,Active,Boite de 200,,Au-SP71300,,,,,,Coût des marchandises vendues - Produits Non-Divocco,,Marchandises en stock,Pochette de stérilisation,Matériel de stérilisation,Pochettes de stérilisation de Aurelia
3977868000001195223,2023-07-12 00:21:30,2025-07-14 13:13:32,"Pochettes de stérilisation de Aurelia, 10x15 po",,CAD 43.99,Ventes Produits Non-Divocco,true,Aurelia,Aurelia,0,0,0,0,cm,kg,,,,,true,,goods,2,,,Active,Boite de 100,,Au-SP10150,,,,,,Coût des marchandises vendues - Produits Non-Divocco,,Marchandises en stock,Pochette de stérilisation,Matériel de stérilisation,Pochettes de stérilisation de Aurelia
3977868000001195225,2023-07-12 00:21:30,2025-07-26 20:51:44,"Pochettes de stérilisation de Aurelia-10,5x17 po",,CAD 1.00,Ventes Produits Non-Divocco,true,Aurelia,Aurelia,0,0,0,0,cm,kg,,,,,true,,goods,2,,,Active,boite de 100,,Au-SP10517,,,,,,Coût des marchandises vendues - Produits Non-Divocco,,Marchandises en stock,Pochette de stérilisation,Matériel de stérilisation,Pochettes de stérilisation de Aurelia
3977868000001195227,2023-07-12 00:21:30,2024-12-09 03:05:12,"Pochettes de stérilisation de Aurelia, 12x15 po",,CAD 28.99,Ventes Produits Non-Divocco,true,Aurelia,Aurelia,0,0,0,0,cm,kg,,,,,true,,goods,2,,,Active,Boite de 100,,Au-SP12150,,,,,,Coût des marchandises vendues - Produits Non-Divocco,,Marchandises en stock,Pochette de stérilisation,Matériel de stérilisation,Pochettes de stérilisation de Aurelia
3977868000001195229,2023-07-12 00:21:30,2024-12-09 03:05:12,"Pochettes de stérilisation de Aurelia, 12x18 po",,CAD 26.99,Ventes Produits Non-Divocco,true,Aurelia,Aurelia,0,0,0,0,cm,kg,,,,,true,,goods,2,,,Active,Boite de 100,,Au-SP12180,,,,,,Coût des marchandises vendues - Produits Non-Divocco,,Marchandises en stock,Pochette de stérilisation,Matériel de stérilisation,Pochettes de stérilisation de Aurelia
3977868000001195357,2023-07-12 00:21:30,2025-02-15 03:05:46,"Emballage CSR pour stérilisation Aurelia, 12x12 po",,CAD 114.99,Ventes Produits Non-Divocco,true,Aurelia,Aurelia,0,0,0,0,cm,kg,,,,,true,,goods,2,,,Active,Caisse de 1000,,Au-SP1212,,,,,,Coût des marchandises vendues - Produits Non-Divocco,,Marchandises en stock,Emballage CSR,Matériel de stérilisation,Emballage CSR pour stérilisation Aurelia
3977868000001195359,2023-07-12 00:21:30,2025-06-23 11:20:59,"Emballage CSR pour stérilisation Aurelia, 15x15 po",,CAD 89.99,Ventes Produits Non-Divocco,true,Aurelia,Aurelia,0,0,0,0,cm,kg,,,,,true,,goods,2,,,Active,Caisse de 500,,Au-SP1515,,,,,,Coût des marchandises vendues - Produits Non-Divocco,,Marchandises en stock,Emballage CSR,Matériel de stérilisation,Emballage CSR pour stérilisation Aurelia
3977868000001195361,2023-07-12 00:21:30,2025-02-15 03:05:47,"Emballage CSR pour stérilisation Aurelia, 18x18 po",,CAD 94.99,Ventes Produits Non-Divocco,true,Aurelia,Aurelia,0,0,0,0,cm,kg,,,,,true,,goods,2,,,Active,Caisse de 500,,Au-SP1818,,,,,,Coût des marchandises vendues - Produits Non-Divocco,,Marchandises en stock,Emballage CSR,Matériel de stérilisation,Emballage CSR pour stérilisation Aurelia
3977868000001195363,2023-07-12 00:21:30,2025-06-04 11:17:36,"Emballage CSR pour stérilisation Aurelia, 20x20 po",,CAD 109.99,Ventes Produits Non-Divocco,true,Aurelia,Aurelia,0,0,0,0,cm,kg,,,,,true,,goods,2,,,Active,Caisse de 500,,Au-SP2020,,,,,,Coût des marchandises vendues - Produits Non-Divocco,,Marchandises en stock,Emballage CSR,Matériel de stérilisation,Emballage CSR pour stérilisation Aurelia
3977868000001195365,2023-07-12 00:21:30,2025-02-15 03:05:47,"Emballage CSR pour stérilisation Aurelia, 24x24 po",,CAD 139.99,Ventes Produits Non-Divocco,true,Aurelia,Aurelia,0,0,0,0,cm,kg,,,,,true,,goods,2,,,Active,Caisse de 500,,Au-SP2424,,,,,,Coût des marchandises vendues - Produits Non-Divocco,,Marchandises en stock,Emballage CSR,Matériel de stérilisation,Emballage CSR pour stérilisation Aurelia
3977868000001195367,2023-07-12 00:21:30,2025-02-15 03:05:47,"Emballage CSR pour stérilisation Aurelia, 30x30 po",,CAD 124.99,Ventes Produits Non-Divocco,true,Aurelia,Aurelia,0,0,0,0,cm,kg,,,,,true,,goods,2,,,Active,Caisse de 250,,Au-SP3030,,,,,,Coût des marchandises vendues - Produits Non-Divocco,,Marchandises en stock,Emballage CSR,Matériel de stérilisation,Emballage CSR pour stérilisation Aurelia
3977868000001195433,2023-07-12 00:21:30,2025-07-26 20:51:44,"Gauze PurCotton de Aurelia, 2x2",,CAD 64.99,Ventes Produits Non-Divocco,true,Aurelia,Aurelia,0,0,0,0,cm,kg,,,,,true,,goods,2,,,Active,caisse de 4000,,Au-1122,,,,,,Coût des marchandises vendues - Produits Non-Divocco,,Marchandises en stock,"Compresse, gaze et cotton",,Gauze PurCotton de Aurelia
3977868000001195435,2023-07-12 00:21:30,2025-06-26 09:34:01,"Gauze PurCotton de Aurelia, 4x4",,CAD 84.99,Ventes Produits Non-Divocco,true,Aurelia,Aurelia,0,0,0,0,cm,kg,,,,,true,,goods,2,,,Active,Caisse de 4000,,Au-1144,,,,,,Coût des marchandises vendues - Produits Non-Divocco,,Marchandises en stock,"Compresse, gaze et cotton",,Gauze PurCotton de Aurelia
3977868000001195453,2023-07-12 00:21:30,2025-07-26 20:51:44,"Gauze premium de Aurelia, 2x2",,CAD 43.99,Ventes Produits Non-Divocco,true,Aurelia,Aurelia,0,0,0,0,cm,kg,,,,,true,,goods,2,,,Active,Caisse de 5000,,Au-1322,,,,,,Coût des marchandises vendues - Produits Non-Divocco,,Marchandises en stock,"Compresse, gaze et cotton",,Gauze premium de Aurelia
3977868000001195455,2023-07-12 00:21:30,2025-07-26 20:51:44,"Gauze premium de Aurelia, 4x4",,CAD 44.99,Ventes Produits Non-Divocco,true,Aurelia,Aurelia,0,0,0,0,cm,kg,,,,,true,,goods,2,,,Active,Caisse de 2000,,Au-1344,,,,,,Coût des marchandises vendues - Produits Non-Divocco,,Marchandises en stock,"Compresse, gaze et cotton",,Gauze premium de Aurelia
3977868000001195473,2023-07-12 00:21:30,2025-07-22 13:54:18,"Rouleau de cotton de Aurelia, 12 boites 200 / caisse (2400 unités)",,CAD 26.99,Ventes Produits Non-Divocco,true,Aurelia,Aurelia,0,0,0,0,cm,kg,,,,,true,,goods,2,,,Active,Boite de 200,,Au-CR1538,,,,,,Coût des marchandises vendues - Produits Non-Divocco,,Marchandises en stock,"Compresse, gaze et cotton",,Rouleau de cotton de Aurelia
3977868000001195485,2023-07-12 00:21:31,2025-07-30 16:04:01,"Couvre-plateau de Aurelia, 8,5 x 12.25, Blanc",,CAD 44.99,Ventes Produits Non-Divocco,true,Aurelia,Aurelia,0,0,0,0,cm,kg,,,,,true,,goods,2,,,Active,Caisse de 1000,,Au-TC5125,,,,,,Coût des marchandises vendues - Produits Non-Divocco,,Marchandises en stock,Couvre plateau,Bavette dentaire et couvre-surface,Couvre-plateau de Aurelia
3977868000001195497,2023-07-12 00:21:31,2025-07-21 09:32:35,"Couvre appuie-tête de Aurelia, 10x10, Blanc",,CAD 34.99,Ventes Produits Non-Divocco,true,Aurelia,Aurelia,0,0,0,0,cm,kg,,,,,true,,goods,2,,,Active,Caisse de 500,,Au-HR1010,,,,,,Coût des marchandises vendues - Produits Non-Divocco,,Marchandises en stock,Couvre appuie-tête,Bavette dentaire et couvre-surface,Couvre appuie-tête de Aurelia
3977868000001195499,2023-07-12 00:21:31,2025-07-31 11:02:43,"Couvre appuie-tête de Aurelia, 10x13, Blanc",,CAD 37.99,Ventes Produits Non-Divocco,true,Aurelia,Aurelia,0,0,0,0,cm,kg,,,,,true,,goods,2,,,Active,Caisse de 500,,Au-HR1013,,,,,,Coût des marchandises vendues - Produits Non-Divocco,,Marchandises en stock,Couvre appuie-tête,Bavette dentaire et couvre-surface,Couvre appuie-tête de Aurelia
3977868000001195517,2023-07-12 00:21:31,2025-07-26 20:51:44,"Verres en carton de Aurelia, 4 oz,",,CAD 34.99,Ventes Produits Non-Divocco,true,Aurelia,Aurelia,0,0,0,0,cm,kg,,,,,true,,goods,2,,,Active,Caisse de 1000,,Au-C00004,,,,,,Coût des marchandises vendues - Produits Non-Divocco,,Marchandises en stock,Gobelet,Gobelets et protection diverse,Verres en carton de Aurelia
3977868000001195519,2023-07-12 00:21:31,2025-07-18 10:48:48,"Verres en carton de Aurelia, 5 oz,",,CAD 40.00,Ventes Produits Non-Divocco,true,Aurelia,Aurelia,0,0,0,0,cm,kg,,,,,true,,goods,2,,,Active,Caisse de 1000,,Au-C00005,,,,,,Coût des marchandises vendues - Produits Non-Divocco,,Marchandises en stock,Gobelet,Gobelets et protection diverse,Verres en carton de Aurelia
3977868000001195537,2023-07-12 00:21:31,2024-12-09 03:05:18,"Verres en plastiques recyclables de Aurelia, 5 oz, Blanc",,CAD 44.99,Ventes Produits Non-Divocco,true,Aurelia,Aurelia,0,0,0,0,cm,kg,,,,,true,,goods,2,,,Active,Caisse de 1000,,Au-C00006,,,,,,Coût des marchandises vendues - Produits Non-Divocco,,Marchandises en stock,Gobelet,Gobelets et protection diverse,Verres en plastiques recyclables de Aurelia
3977868000001195539,2023-07-12 00:21:31,2025-07-26 20:51:44,"Verres en plastiques recyclables de Aurelia, 5 oz, Bleu",,CAD 44.99,Ventes Produits Non-Divocco,true,Aurelia,Aurelia,0,0,0,0,cm,kg,,,,,true,,goods,2,,,Active,Caisse de 1000,,Au-C00007,,,,,,Coût des marchandises vendues - Produits Non-Divocco,,Marchandises en stock,Gobelet,Gobelets et protection diverse,Verres en plastiques recyclables de Aurelia
3977868000001195541,2023-07-12 00:21:31,2025-07-26 20:51:44,"Verres en plastiques recyclables de Aurelia, 5 oz, Lavande",,CAD 44.99,Ventes Produits Non-Divocco,true,Aurelia,Aurelia,0,0,0,0,cm,kg,,,,,true,,goods,2,,,Active,Caisse de 1000,,Au-C00008,,,,,,Coût des marchandises vendues - Produits Non-Divocco,,Marchandises en stock,Gobelet,Gobelets et protection diverse,Verres en plastiques recyclables de Aurelia
3977868000001195543,2023-07-12 00:21:31,2025-07-26 20:51:44,"Verres en plastiques recyclables de Aurelia, 5 oz, Rose",,CAD 44.99,Ventes Produits Non-Divocco,true,Aurelia,Aurelia,0,0,0,0,cm,kg,,,,,true,,goods,2,,,Active,Caisse de 1000,,Au-C00009,,,,,,Coût des marchandises vendues - Produits Non-Divocco,,Marchandises en stock,Gobelet,Gobelets et protection diverse,Verres en plastiques recyclables de Aurelia
3977868000001195545,2023-07-12 00:21:31,2025-07-26 20:51:44,"Verres en plastiques recyclables de Aurelia, 5 oz, Vert",,CAD 44.99,Ventes Produits Non-Divocco,true,Aurelia,Aurelia,0,0,0,0,cm,kg,,,,,true,,goods,2,,,Active,Caisse de 1000,,Au-C00010,,,,,,Coût des marchandises vendues - Produits Non-Divocco,,Marchandises en stock,Gobelet,Gobelets et protection diverse,Verres en plastiques recyclables de Aurelia
3977868000001195547,2023-07-12 00:21:31,2025-07-26 20:51:44,"Verres en plastiques recyclables de Aurelia, 5 oz, Aqua",,CAD 44.99,Ventes Produits Non-Divocco,true,Aurelia,Aurelia,0,0,0,0,cm,kg,,,,,true,,goods,2,,,Active,Caisse de 1000,,Au-C00011,,,,,,Coût des marchandises vendues - Produits Non-Divocco,,Marchandises en stock,Gobelet,Gobelets et protection diverse,Verres en plastiques recyclables de Aurelia
3977868000001195589,2023-07-12 00:21:31,2025-02-26 11:48:00,"Éjecteurs à haut volume de Aurelia, , Blanc",,CAD 56.99,Ventes Produits Non-Divocco,true,Aurelia,Aurelia,0,0,0,0,cm,kg,,,,,true,,goods,2,,,Active,Caisse de 1000,,Au-HV6000,,,,,,Coût des marchandises vendues - Produits Non-Divocco,,Marchandises en stock,Éjecteur à salive,Outils de procédure,Éjecteurs à haut volume de Aurelia
3977868000001195601,2023-07-12 00:21:31,2025-07-26 20:51:44,"Éjecteurs à salive de Aurelia, , Blanc",,CAD 56.99,Ventes Produits Non-Divocco,true,Aurelia,Aurelia,0,0,0,0,cm,kg,,,,,true,,goods,2,,,Active,Caisse de 1000,,Au-SE7000,,,,,,Coût des marchandises vendues - Produits Non-Divocco,,Marchandises en stock,Éjecteur à salive,Outils de procédure,Éjecteurs à salive de Aurelia
3977868000001195603,2023-07-12 00:21:31,2025-07-26 20:51:44,"Éjecteurs à salive de Aurelia, , Blanc clair",,CAD 56.99,Ventes Produits Non-Divocco,true,Aurelia,Aurelia,0,0,0,0,cm,kg,,,,,true,,goods,2,,,Active,Caisse de 1000,,Au-SE7001,,,,,,Coût des marchandises vendues - Produits Non-Divocco,,Marchandises en stock,Éjecteur à salive,Outils de procédure,Éjecteurs à salive de Aurelia
3977868000001195605,2023-07-12 00:21:31,2025-07-28 08:12:28,"Éjecteurs à salive de Aurelia, , Bleu clair",,CAD 56.99,Ventes Produits Non-Divocco,true,Aurelia,Aurelia,0,0,0,0,cm,kg,,,,,true,,goods,2,,,Active,Caisse de 1000,,Au-SE7002,,,,,,Coût des marchandises vendues - Produits Non-Divocco,,Marchandises en stock,Éjecteur à salive,Outils de procédure,Éjecteurs à salive de Aurelia
3977868000001195629,2023-07-12 00:21:31,2025-02-15 03:05:50,"Couvre chaussure de Aurelia, XL et antidérapant, Bleu",,CAD 42.99,Ventes Produits Non-Divocco,true,Aurelia,Aurelia,0,0,0,0,cm,kg,,,,,true,,goods,2,,,Active,Caisse de 300,,Au-6006,,,,,,Coût des marchandises vendues - Produits Non-Divocco,,Marchandises en stock,Couvre-chaussures,Gobelets et protection diverse,Couvre chaussure de Aurelia
3977868000001195631,2023-07-12 00:21:31,2025-02-15 03:05:50,"Couvre chaussure de Aurelia, Antidérapant, Bleu",,CAD 42.99,Ventes Produits Non-Divocco,true,Aurelia,Aurelia,0,0,0,0,cm,kg,,,,,true,,goods,2,,,Active,Caisse de 300,,Au-6007,,,,,,Coût des marchandises vendues - Produits Non-Divocco,,Marchandises en stock,Couvre-chaussures,Gobelets et protection diverse,Couvre chaussure de Aurelia
3977868000001195633,2023-07-12 00:21:31,2025-02-15 03:05:50,"Couvre chaussure de Aurelia, Régulier, Bleu",,CAD 42.99,Ventes Produits Non-Divocco,true,Aurelia,Aurelia,0,0,0,0,cm,kg,,,,,true,,goods,2,,,Active,Caisse de 300,,Au-6009,,,,,,Coût des marchandises vendues - Produits Non-Divocco,,Marchandises en stock,Couvre-chaussures,Gobelets et protection diverse,Couvre chaussure de Aurelia
3977868000001195659,2023-07-12 00:21:31,2025-06-17 10:03:51,"Masques médicaux Aurelia, fait au Canada, Niveau 2, Bleu",,CAD 7.99,Ventes Produits Non-Divocco,true,Aurelia,Aurelia,0,0,0,0,cm,kg,,,,,true,,goods,2,,,Active,Boite de 50,,Au-2120,,,,,,Coût des marchandises vendues - Produits Non-Divocco,,Marchandises en stock,*Produits d/c en liquidation d'inventaire,,"Masques médicaux Aurelia, fait au Canada"
3977868000001195663,2023-07-12 00:21:31,2025-02-15 03:05:51,"Masques médicaux Aurelia, fait au Canada, Niveau 3, Bleu",,CAD 8.99,Ventes Produits Non-Divocco,true,Aurelia,Aurelia,0,0,0,0,cm,kg,,,,,true,,goods,2,,,Active,Boite de 50,,Au-2130,,,,,,Coût des marchandises vendues - Produits Non-Divocco,,Marchandises en stock,*Produits d/c en liquidation d'inventaire,,"Masques médicaux Aurelia, fait au Canada"
3977868000001195761,2023-07-12 00:21:32,2025-01-08 03:33:03,"Medicom® SafeBasics® Gobelets jetables en plastique, 5 oz, Vert",,CAD 59.99,Ventes Produits Non-Divocco,true,,Medicom,0,0,0,0,cm,kg,,,,,true,,goods,2,,,Active,Caisse de 1000,,Me-105,,,,,,Coût des marchandises vendues - Produits Non-Divocco,,Marchandises en stock,Gobelet,Gobelets et protection diverse,Medicom® SafeBasics® Gobelets jetables en plastique
3977868000001195763,2023-07-12 00:21:32,2025-01-08 03:33:57,"Medicom® SafeBasics® Gobelets jetables en plastique, 5 oz, Lavande",,CAD 59.99,Ventes Produits Non-Divocco,true,,Medicom,0,0,0,0,cm,kg,,,,,true,,goods,2,,,Active,Caisse de 1000,,Me-106,,,,,,Coût des marchandises vendues - Produits Non-Divocco,,Marchandises en stock,Gobelet,Gobelets et protection diverse,Medicom® SafeBasics® Gobelets jetables en plastique
3977868000001195765,2023-07-12 00:21:32,2025-01-08 03:33:57,"Medicom® SafeBasics® Gobelets jetables en plastique, 5 oz, Rose",,CAD 59.99,Ventes Produits Non-Divocco,true,,Medicom,0,0,0,0,cm,kg,,,,,true,,goods,2,,,Active,Caisse de 1000,,Me-107,,,,,,Coût des marchandises vendues - Produits Non-Divocco,,Marchandises en stock,Gobelet,Gobelets et protection diverse,Medicom® SafeBasics® Gobelets jetables en plastique
3977868000001195767,2023-07-12 00:21:32,2025-01-08 03:33:58,"Medicom® SafeBasics® Gobelets jetables en plastique, 5 oz, Jaune",,CAD 59.99,Ventes Produits Non-Divocco,true,,Medicom,0,0,0,0,cm,kg,,,,,true,,goods,2,,,Active,Caisse de 1000,,Me-108,,,,,,Coût des marchandises vendues - Produits Non-Divocco,,Marchandises en stock,Gobelet,Gobelets et protection diverse,Medicom® SafeBasics® Gobelets jetables en plastique
3977868000001195769,2023-07-12 00:21:32,2025-01-08 03:33:58,"Medicom® SafeBasics® Gobelets jetables en plastique, 5 oz, Blanc",,CAD 59.99,Ventes Produits Non-Divocco,true,,Medicom,0,0,0,0,cm,kg,,,,,true,,goods,2,,,Active,Caisse de 1000,,Me-110,,,,,,Coût des marchandises vendues - Produits Non-Divocco,,Marchandises en stock,Gobelet,Gobelets et protection diverse,Medicom® SafeBasics® Gobelets jetables en plastique
3977868000001195771,2023-07-12 00:21:32,2025-01-08 03:33:58,"Medicom® SafeBasics® Gobelets jetables en plastique, 5 oz, Aqua",,CAD 59.99,Ventes Produits Non-Divocco,true,,Medicom,0,0,0,0,cm,kg,,,,,true,,goods,2,,,Active,Caisse de 1000,,Me-112,,,,,,Coût des marchandises vendues - Produits Non-Divocco,,Marchandises en stock,Gobelet,Gobelets et protection diverse,Medicom® SafeBasics® Gobelets jetables en plastique
3977868000001195817,2023-07-12 00:21:32,2025-01-16 03:06:04,"Medicom® SafeBasics® Gobelets en carton ciré, 4 oz, Dents en santé",,CAD 57.99,Ventes Produits Non-Divocco,true,,Medicom,0,0,0,0,cm,kg,,,,,true,,goods,2,,,Active,Caisse de 1000,,Me-114-CH,,,,,,Coût des marchandises vendues - Produits Non-Divocco,,Marchandises en stock,Gobelet,Gobelets et protection diverse,Medicom® SafeBasics® Gobelets en carton ciré
3977868000001195819,2023-07-12 00:21:32,2025-01-16 03:06:04,"Medicom® SafeBasics® Gobelets en carton ciré, 4 oz, Bulles",,CAD 57.99,Ventes Produits Non-Divocco,true,,Medicom,0,0,0,0,cm,kg,,,,,true,,goods,2,,,Active,Caisse de 1000,,Me-113-CH,,,,,,Coût des marchandises vendues - Produits Non-Divocco,,Marchandises en stock,Gobelet,Gobelets et protection diverse,Medicom® SafeBasics® Gobelets en carton ciré
3977868000001195821,2023-07-12 00:21:32,2025-07-26 20:51:44,"Medicom® SafeBasics® Gobelets en carton ciré, 5 oz, Bulles",,CAD 61.99,Ventes Produits Non-Divocco,true,,Medicom,0,0,0,0,cm,kg,,,,,true,,goods,2,,,Active,Caisse de 1000,,Me-115-CH,,,,,,Coût des marchandises vendues - Produits Non-Divocco,,Marchandises en stock,Gobelet,Gobelets et protection diverse,Medicom® SafeBasics® Gobelets en carton ciré
3977868000001195823,2023-07-12 00:21:32,2025-01-16 03:06:05,"Medicom® SafeBasics® Gobelets en carton ciré, 5 oz, Dents en santé",,CAD 61.99,Ventes Produits Non-Divocco,true,,Medicom,0,0,0,0,cm,kg,,,,,true,,goods,2,,,Active,Caisse de 1000,,Me-116-CH,,,,,,Coût des marchandises vendues - Produits Non-Divocco,,Marchandises en stock,Gobelet,Gobelets et protection diverse,Medicom® SafeBasics® Gobelets en carton ciré
3977868000001195853,2023-07-12 00:21:32,2025-02-15 03:05:12,Masque Ritmed® DisTech®-Bleu,,CAD 1.00,Ventes Produits Non-Divocco,true,,Medicom,0,0,0,0,cm,kg,,,,,true,,goods,2,,,Active,Boite de 50,,Me-2115,,,,,,Coût des marchandises vendues - Produits Non-Divocco,,Marchandises en stock,Masque médical,,Masque Ritmed® DisTech®
3977868000001195855,2023-07-12 00:21:32,2025-02-15 03:05:13,Masque Ritmed® DisTech®-Rose,,CAD 1.00,Ventes Produits Non-Divocco,true,,Medicom,0,0,0,0,cm,kg,,,,,true,,goods,2,,,Active,Boite de 50,,Me-2116,,,,,,Coût des marchandises vendues - Produits Non-Divocco,,Marchandises en stock,Masque médical,,Masque Ritmed® DisTech®
3977868000001195857,2023-07-12 00:21:32,2025-02-15 03:05:13,Masque Ritmed® DisTech®-Jaune,,CAD 1.00,Ventes Produits Non-Divocco,true,,Medicom,0,0,0,0,cm,kg,,,,,true,,goods,2,,,Active,Boite de 50,,Me-2117,,,,,,Coût des marchandises vendues - Produits Non-Divocco,,Marchandises en stock,Masque médical,,Masque Ritmed® DisTech®
3977868000001195881,2023-07-12 00:21:32,2024-12-09 03:04:11,"Respirateur N95 Safemask Architect Pro, Petit, 10 boites 50 / caisse (500 unités)",,CAD 74.99,Ventes Produits Non-Divocco,true,,Medicom,0,0,0,0,cm,kg,,,,,true,,goods,2,,,Active,Boite de 50,,Me-203214,,,,,,Coût des marchandises vendues - Produits Non-Divocco,,Marchandises en stock,Masque N95 et haute filtration,Masque médical,Respirateur N95 Safemask Architect Pro
3977868000001195883,2023-07-12 00:21:32,2024-12-09 03:04:12,"Respirateur N95 Safemask Architect Pro, Moyen, 10 boites 50 / caisse (500 unités)",,CAD 74.99,Ventes Produits Non-Divocco,true,,Medicom,0,0,0,0,cm,kg,,,,,true,,goods,2,,,Active,Boite de 50,,Me-203314,,,,,,Coût des marchandises vendues - Produits Non-Divocco,,Marchandises en stock,Masque N95 et haute filtration,Masque médical,Respirateur N95 Safemask Architect Pro
3977868000001195885,2023-07-12 00:21:32,2024-12-09 03:04:12,"Respirateur N95 Safemask Architect Pro, Large, 10 boites 50 / caisse (500 unités)",,CAD 74.99,Ventes Produits Non-Divocco,true,,Medicom,0,0,0,0,cm,kg,,,,,true,,goods,2,,,Active,Boite de 50,,Me-203414,,,,,,Coût des marchandises vendues - Produits Non-Divocco,,Marchandises en stock,Masque N95 et haute filtration,Masque médical,Respirateur N95 Safemask Architect Pro
3977868000001195909,2023-07-12 00:21:32,2025-07-26 20:51:44,"SafeMask Junior, Niveau 1, Bleu",,CAD 6.99,Ventes Produits Non-Divocco,true,,Medicom,0,0,0,0,cm,kg,,,,,true,,goods,2,,,Active,Boite de 50,,Me-2035,,,,,,Coût des marchandises vendues - Produits Non-Divocco,,Marchandises en stock,Masque pédiatrique,Masque médical,SafeMask Junior Niveau 1 Bleu
3977868000001195921,2023-07-12 00:21:33,2025-02-15 03:05:13,"Masque AssureMask BalanceMC de Medicom, Niveau 1, Bleu",,CAD 6.99,Ventes Produits Non-Divocco,true,,Medicom,0,0,0,0,cm,kg,,,,,true,,goods,2,,,Active,Boite de 50,,Me-205415,,,,,,Coût des marchandises vendues - Produits Non-Divocco,,Marchandises en stock,Masque médical,,Masque AssureMask BalanceMC de Medicom
3977868000001195923,2023-07-12 00:21:33,2025-02-15 03:05:13,"Masque AssureMask BalanceMC de Medicom, Niveau 1, Jaune",,CAD 6.99,Ventes Produits Non-Divocco,true,,Medicom,0,0,0,0,cm,kg,,,,,true,,goods,2,,,Active,Boite de 50,,Me-205417,,,,,,Coût des marchandises vendues - Produits Non-Divocco,,Marchandises en stock,Masque médical,,Masque AssureMask BalanceMC de Medicom
3977868000001195925,2023-07-12 00:21:33,2025-07-26 20:51:44,"Masque AssureMask BalanceMC de Medicom, Niveau 1, Rose",,CAD 6.99,Ventes Produits Non-Divocco,true,,Medicom,0,0,0,0,cm,kg,,,,,true,,goods,2,,,Active,Boite de 50,,Me-205416,,,,,,Coût des marchandises vendues - Produits Non-Divocco,,Marchandises en stock,Masque médical,,Masque AssureMask BalanceMC de Medicom
3977868000001195927,2023-07-12 00:21:33,2025-02-17 14:23:07,"Masque AssureMask BalanceMC de Medicom, Niveau 1, Blanc",,CAD 7.99,Ventes Produits Non-Divocco,true,,Medicom,0,0,0,0,cm,kg,,,,,true,,goods,2,,,Active,Boite de 50,,Me-205414,,,,,,Coût des marchandises vendues - Produits Non-Divocco,,Marchandises en stock,Masque médical,,Masque AssureMask BalanceMC de Medicom
3977868000001195929,2023-07-12 00:21:33,2025-07-31 11:20:57,"Masque AssureMask BalanceMC de Medicom, Niveau 2, Bleu",,CAD 7.99,Ventes Produits Non-Divocco,true,,Medicom,0,0,0,0,cm,kg,,,,,true,,goods,2,,,Active,Boite de 50,,Me-205515,,,,,,Coût des marchandises vendues - Produits Non-Divocco,,Marchandises en stock,Masque médical,,Masque AssureMask BalanceMC de Medicom
3977868000001195931,2023-07-12 00:21:33,2025-02-15 03:05:14,"Masque AssureMask BalanceMC de Medicom, Niveau 2, Jaune",,CAD 7.99,Ventes Produits Non-Divocco,true,,Medicom,0,0,0,0,cm,kg,,,,,true,,goods,2,,,Active,Boite de 50,,Me-205517,,,,,,Coût des marchandises vendues - Produits Non-Divocco,,Marchandises en stock,Masque médical,,Masque AssureMask BalanceMC de Medicom
3977868000001195933,2023-07-12 00:21:33,2025-07-26 20:51:44,"Masque AssureMask BalanceMC de Medicom, Niveau 2, Rose",,CAD 7.99,Ventes Produits Non-Divocco,true,,Medicom,0,0,0,0,cm,kg,,,,,true,,goods,2,,,Active,Boite de 50,,Me-205516,,,,,,Coût des marchandises vendues - Produits Non-Divocco,,Marchandises en stock,Masque médical,,Masque AssureMask BalanceMC de Medicom
3977868000001195935,2023-07-12 00:21:33,2025-07-26 20:51:44,Masque AssureMask BalanceMC de Medicom-2-Blanc,,CAD 1.00,Ventes Produits Non-Divocco,true,,Medicom,0,0,0,0,cm,kg,,,,,true,,goods,2,,,Active,Boite de 50,,Me-205514,,,,,,Coût des marchandises vendues - Produits Non-Divocco,,Marchandises en stock,Masque médical,,Masque AssureMask BalanceMC de Medicom
3977868000001195937,2023-07-12 00:21:33,2025-08-01 16:28:15,"Masque AssureMask BalanceMC de Medicom, Niveau 3, Bleu",,CAD 8.99,Ventes Produits Non-Divocco,true,,Medicom,0,0,0,0,cm,kg,,,,,true,,goods,2,,,Active,Boite de 50,,Me-205615,,,,,,Coût des marchandises vendues - Produits Non-Divocco,,Marchandises en stock,Masque médical,,Masque AssureMask BalanceMC de Medicom
3977868000001195939,2023-07-12 00:21:33,2025-06-13 12:30:49,"Masque AssureMask BalanceMC de Medicom, Niveau 3, Jaune",,CAD 8.99,Ventes Produits Non-Divocco,true,,Medicom,0,0,0,0,cm,kg,,,,,true,,goods,2,,,Active,Boite de 50,,Me-205617,,,,,,Coût des marchandises vendues - Produits Non-Divocco,,Marchandises en stock,Masque médical,,Masque AssureMask BalanceMC de Medicom
3977868000001195941,2023-07-12 00:21:33,2025-07-30 16:05:20,"Masque AssureMask BalanceMC de Medicom, Niveau 3, Rose",,CAD 8.99,Ventes Produits Non-Divocco,true,,Medicom,0,0,0,0,cm,kg,,,,,true,,goods,2,,,Active,Boite de 50,,Me-205616,,,,,,Coût des marchandises vendues - Produits Non-Divocco,,Marchandises en stock,Masque médical,,Masque AssureMask BalanceMC de Medicom
3977868000001195943,2023-07-12 00:21:33,2025-07-26 20:51:44,"Masque AssureMask BalanceMC de Medicom, Niveau 3, Blanc",,CAD 8.99,Ventes Produits Non-Divocco,true,,Medicom,0,0,0,0,cm,kg,,,,,true,,goods,2,,,Active,Boite de 50,,Me-205614,,,,,,Coût des marchandises vendues - Produits Non-Divocco,,Marchandises en stock,Masque médical,,Masque AssureMask BalanceMC de Medicom
3977868000001196021,2023-07-12 00:21:33,2025-02-15 03:05:15,"Masque Medicom Midnight, Niveau 1, Noir",,CAD 6.99,Ventes Produits Non-Divocco,true,,Medicom,0,0,0,0,cm,kg,,,,,true,,goods,2,,,Active,Boite de 50,,Me-213792,,,,,,Coût des marchandises vendues - Produits Non-Divocco,,Marchandises en stock,Masque médical,,Masque Medicom Midnight
3977868000001196023,2023-07-12 00:21:33,2025-02-15 03:05:16,"Masque Medicom Midnight, Niveau 2, Noir",,CAD 7.99,Ventes Produits Non-Divocco,true,,Medicom,0,0,0,0,cm,kg,,,,,true,,goods,2,,,Active,Boite de 50,,Me-213892,,,,,,Coût des marchandises vendues - Produits Non-Divocco,,Marchandises en stock,Masque médical,,Masque Medicom Midnight
3977868000001196025,2023-07-12 00:21:33,2025-06-04 11:18:50,"Masque Medicom Midnight, Niveau 3, Noir",,CAD 9.29,Ventes Produits Non-Divocco,true,,Medicom,0,0,0,0,cm,kg,,,,,true,,goods,2,,,Active,Boite de 50,,Me-213992,,,,,,Coût des marchandises vendues - Produits Non-Divocco,,Marchandises en stock,Masque médical,,Masque Medicom Midnight
3977868000001196049,2023-07-12 00:21:33,2025-02-15 03:05:16,"Masque Medicom® AssureMask ValiantMC, Niveau 1, Bleu",,CAD 9.99,Ventes Produits Non-Divocco,true,,Medicom,0,0,0,0,cm,kg,,,,,true,,goods,2,,,Active,Boite de 50,,Me-205715,,,,,,Coût des marchandises vendues - Produits Non-Divocco,,Marchandises en stock,Masque médical,,Masque Medicom® AssureMask ValiantMC
3977868000001196051,2023-07-12 00:21:33,2025-02-15 03:05:16,"Masque Medicom® AssureMask ValiantMC, Niveau 1, Jaune",,CAD 9.99,Ventes Produits Non-Divocco,true,,Medicom,0,0,0,0,cm,kg,,,,,true,,goods,2,,,Active,Boite de 50,,Me-205717,,,,,,Coût des marchandises vendues - Produits Non-Divocco,,Marchandises en stock,Masque médical,,Masque Medicom® AssureMask ValiantMC
3977868000001196053,2023-07-12 00:21:33,2025-02-15 03:05:16,"Masque Medicom® AssureMask ValiantMC, Niveau 1, Rose",,CAD 9.99,Ventes Produits Non-Divocco,true,,Medicom,0,0,0,0,cm,kg,,,,,true,,goods,2,,,Active,Boite de 50,,Me-205716,,,,,,Coût des marchandises vendues - Produits Non-Divocco,,Marchandises en stock,Masque médical,,Masque Medicom® AssureMask ValiantMC
3977868000001196055,2023-07-12 00:21:33,2025-02-15 03:05:17,"Masque Medicom® AssureMask ValiantMC, Niveau 1, Blanc",,CAD 9.99,Ventes Produits Non-Divocco,true,,Medicom,0,0,0,0,cm,kg,,,,,true,,goods,2,,,Active,Boite de 50,,Me-205714,,,,,,Coût des marchandises vendues - Produits Non-Divocco,,Marchandises en stock,Masque médical,,Masque Medicom® AssureMask ValiantMC
3977868000001196057,2023-07-12 00:21:33,2025-02-15 03:05:17,"Masque Medicom® AssureMask ValiantMC, Niveau 2, Bleu",,CAD 10.99,Ventes Produits Non-Divocco,true,,Medicom,0,0,0,0,cm,kg,,,,,true,,goods,2,,,Active,Boite de 50,,Me-205815,,,,,,Coût des marchandises vendues - Produits Non-Divocco,,Marchandises en stock,Masque médical,,Masque Medicom® AssureMask ValiantMC
3977868000001196059,2023-07-12 00:21:33,2025-02-15 03:05:17,"Masque Medicom® AssureMask ValiantMC, Niveau 2, Jaune",,CAD 10.99,Ventes Produits Non-Divocco,true,,Medicom,0,0,0,0,cm,kg,,,,,true,,goods,2,,,Active,Boite de 50,,Me-205817,,,,,,Coût des marchandises vendues - Produits Non-Divocco,,Marchandises en stock,Masque médical,,Masque Medicom® AssureMask ValiantMC
3977868000001196061,2023-07-12 00:21:33,2025-02-15 03:05:17,"Masque Medicom® AssureMask ValiantMC, Niveau 2, Rose",,CAD 10.99,Ventes Produits Non-Divocco,true,,Medicom,0,0,0,0,cm,kg,,,,,true,,goods,2,,,Active,Boite de 50,,Me-205816,,,,,,Coût des marchandises vendues - Produits Non-Divocco,,Marchandises en stock,Masque médical,,Masque Medicom® AssureMask ValiantMC
3977868000001196063,2023-07-12 00:21:33,2025-02-15 03:05:17,"Masque Medicom® AssureMask ValiantMC, Niveau 2, Blanc",,CAD 10.99,Ventes Produits Non-Divocco,true,,Medicom,0,0,0,0,cm,kg,,,,,true,,goods,2,,,Active,Boite de 50,,Me-205814,,,,,,Coût des marchandises vendues - Produits Non-Divocco,,Marchandises en stock,Masque médical,,Masque Medicom® AssureMask ValiantMC
3977868000001196065,2023-07-12 00:21:33,2025-02-15 03:05:18,"Masque Medicom® AssureMask ValiantMC, Niveau 3, Bleu",,CAD 11.99,Ventes Produits Non-Divocco,true,,Medicom,0,0,0,0,cm,kg,,,,,true,,goods,2,,,Active,Boite de 50,,Me-205915,,,,,,Coût des marchandises vendues - Produits Non-Divocco,,Marchandises en stock,Masque médical,,Masque Medicom® AssureMask ValiantMC
3977868000001196067,2023-07-12 00:21:33,2025-02-15 03:05:18,"Masque Medicom® AssureMask ValiantMC, Niveau 3, Jaune",,CAD 11.99,Ventes Produits Non-Divocco,true,,Medicom,0,0,0,0,cm,kg,,,,,true,,goods,2,,,Active,Boite de 50,,Me-205917,,,,,,Coût des marchandises vendues - Produits Non-Divocco,,Marchandises en stock,Masque médical,,Masque Medicom® AssureMask ValiantMC
3977868000001196069,2023-07-12 00:21:33,2025-02-15 03:05:18,"Masque Medicom® AssureMask ValiantMC, Niveau 3, Rose",,CAD 11.99,Ventes Produits Non-Divocco,true,,Medicom,0,0,0,0,cm,kg,,,,,true,,goods,2,,,Active,Boite de 50,,Me-205916,,,,,,Coût des marchandises vendues - Produits Non-Divocco,,Marchandises en stock,Masque médical,,Masque Medicom® AssureMask ValiantMC
3977868000001196071,2023-07-12 00:21:33,2025-02-15 03:05:18,"Masque Medicom® AssureMask ValiantMC, Niveau 3, Blanc",,CAD 11.99,Ventes Produits Non-Divocco,true,,Medicom,0,0,0,0,cm,kg,,,,,true,,goods,2,,,Active,Boite de 50,,Me-205914,,,,,,Coût des marchandises vendues - Produits Non-Divocco,,Marchandises en stock,Masque médical,,Masque Medicom® AssureMask ValiantMC
3977868000001196149,2023-07-12 00:21:33,2025-02-15 03:05:18,"Masque AssureMask® Precision, chirurgical à attacher, Niveau 1, Bleu",,CAD 7.99,Ventes Produits Non-Divocco,true,,Medicom,0,0,0,0,cm,kg,,,,,true,,goods,2,,,Active,Boite de 50,,Me-206815,,,,,,Coût des marchandises vendues - Produits Non-Divocco,,Marchandises en stock,Masque médical,,"Masque AssureMask® Precision, chirurgical à attacher"
3977868000001196151,2023-07-12 00:21:33,2025-02-15 03:05:19,"Masque AssureMask® Precision, chirurgical à attacher, Niveau 1, Vert",,CAD 7.99,Ventes Produits Non-Divocco,true,,Medicom,0,0,0,0,cm,kg,,,,,true,,goods,2,,,Active,Boite de 50,,Me-206818,,,,,,Coût des marchandises vendues - Produits Non-Divocco,,Marchandises en stock,Masque médical,,"Masque AssureMask® Precision, chirurgical à attacher"
3977868000001196153,2023-07-12 00:21:33,2025-02-15 03:05:19,"Masque AssureMask® Precision, chirurgical à attacher, Niveau 1, Blanc",,CAD 7.99,Ventes Produits Non-Divocco,true,,Medicom,0,0,0,0,cm,kg,,,,,true,,goods,2,,,Active,Boite de 50,,Me-206814,,,,,,Coût des marchandises vendues - Produits Non-Divocco,,Marchandises en stock,Masque médical,,"Masque AssureMask® Precision, chirurgical à attacher"
3977868000001196155,2023-07-12 00:21:33,2025-02-15 03:05:19,"Masque AssureMask® PrecisionCare, chirurgical à attacher, Niveau 2, Bleu",,CAD 7.99,Ventes Produits Non-Divocco,true,,Medicom,0,0,0,0,cm,kg,,,,,true,,goods,2,,,Active,Boite de 50,,Me-207015,,,,,,Coût des marchandises vendues - Produits Non-Divocco,,Marchandises en stock,Masque médical,,"Masque AssureMask® Precision, chirurgical à attacher"
3977868000001196157,2023-07-12 00:21:33,2025-02-15 03:05:19,"Masque AssureMask® Precision, chirurgical à attacher, Niveau 2, Vert",,CAD 8.99,Ventes Produits Non-Divocco,true,,Medicom,0,0,0,0,cm,kg,,,,,true,,goods,2,,,Active,Boite de 50,,Me-207018,,,,,,Coût des marchandises vendues - Produits Non-Divocco,,Marchandises en stock,Masque médical,,"Masque AssureMask® Precision, chirurgical à attacher"
3977868000001196159,2023-07-12 00:21:33,2025-02-15 03:05:19,"Masque AssureMask® Precision, chirurgical à attacher, Niveau 2, Blanc",,CAD 8.99,Ventes Produits Non-Divocco,true,,Medicom,0,0,0,0,cm,kg,,,,,true,,goods,2,,,Active,Boite de 50,,Me-207014,,,,,,Coût des marchandises vendues - Produits Non-Divocco,,Marchandises en stock,Masque médical,,"Masque AssureMask® Precision, chirurgical à attacher"
3977868000001196161,2023-07-12 00:21:33,2025-07-26 20:51:44,"Masque AssureMask® Precision, chirurgical à attacher, Niveau 3, Bleu",,CAD 8.99,Ventes Produits Non-Divocco,true,,Medicom,0,0,0,0,cm,kg,,,,,true,,goods,2,,,Active,Boite de 50,,Me-207115,,,,,,Coût des marchandises vendues - Produits Non-Divocco,,Marchandises en stock,Masque médical,,"Masque AssureMask® Precision, chirurgical à attacher"
3977868000001196163,2023-07-12 00:21:33,2025-02-15 03:05:20,"Masque AssureMask® Precision, chirurgical à attacher, Niveau 3, Vert",,CAD 9.99,Ventes Produits Non-Divocco,true,,Medicom,0,0,0,0,cm,kg,,,,,true,,goods,2,,,Active,Boite de 50,,Me-207118,,,,,,Coût des marchandises vendues - Produits Non-Divocco,,Marchandises en stock,Masque médical,,"Masque AssureMask® Precision, chirurgical à attacher"
3977868000001196165,2023-07-12 00:21:33,2025-02-15 03:05:20,"Masque AssureMask® Precision, chirurgical à attacher, Niveau 3, Blanc",,CAD 9.99,Ventes Produits Non-Divocco,true,,Medicom,0,0,0,0,cm,kg,,,,,true,,goods,2,,,Active,Boite de 50,,Me-207114,,,,,,Coût des marchandises vendues - Produits Non-Divocco,,Marchandises en stock,Masque médical,,"Masque AssureMask® Precision, chirurgical à attacher"
3977868000001196225,2023-07-12 00:21:33,2025-02-15 03:05:20,"Masque SafeMask® SofSkin®, Niveau 1, Bleu",,CAD 18.99,Ventes Produits Non-Divocco,true,,Medicom,0,0,0,0,cm,kg,,,,,true,,goods,2,,,Active,Boite de 50,,Me-2080,,,,,,Coût des marchandises vendues - Produits Non-Divocco,,Marchandises en stock,Masque médical,,Masque SafeMask® SofSkin®
3977868000001196227,2023-07-12 00:21:33,2025-02-15 03:05:20,"Masque SafeMask® SofSkin®, Niveau 1, Blanc",,CAD 18.99,Ventes Produits Non-Divocco,true,,Medicom,0,0,0,0,cm,kg,,,,,true,,goods,2,,,Active,Boite de 50,,Me-2081,,,,,,Coût des marchandises vendues - Produits Non-Divocco,,Marchandises en stock,Masque médical,,Masque SafeMask® SofSkin®
3977868000001196229,2023-07-12 00:21:33,2025-02-15 03:05:20,"Masque SafeMask® SofSkin®, Niveau 1, Rose",,CAD 18.99,Ventes Produits Non-Divocco,true,,Medicom,0,0,0,0,cm,kg,,,,,true,,goods,2,,,Active,Boite de 50,,Me-2082,,,,,,Coût des marchandises vendues - Produits Non-Divocco,,Marchandises en stock,Masque médical,,Masque SafeMask® SofSkin®
3977868000001196231,2023-07-12 00:21:33,2025-02-15 03:05:21,"Masque SafeMask® SofSkin®, Niveau 1, Lavande",,CAD 18.99,Ventes Produits Non-Divocco,true,,Medicom,0,0,0,0,cm,kg,,,,,true,,goods,2,,,Active,Boite de 50,,Me-2083,,,,,,Coût des marchandises vendues - Produits Non-Divocco,,Marchandises en stock,Masque médical,,Masque SafeMask® SofSkin®
3977868000001196233,2023-07-12 00:21:33,2025-07-26 20:51:44,"Masque SafeMask® SofSkin®, Niveau 3, Blanc",,CAD 21.99,Ventes Produits Non-Divocco,true,,Medicom,0,0,0,0,cm,kg,,,,,true,,goods,2,,,Active,Boite de 50,,Me-2086,,,,,,Coût des marchandises vendues - Produits Non-Divocco,,Marchandises en stock,Masque médical,,Masque SafeMask® SofSkin®
3977868000001196235,2023-07-12 00:21:33,2025-07-26 20:51:44,"Masque SafeMask® SofSkin®, Niveau 3, Bleu",,CAD 21.99,Ventes Produits Non-Divocco,true,,Medicom,0,0,0,0,cm,kg,,,,,true,,goods,2,,,Active,Boite de 50,,Me-2087,,,,,,Coût des marchandises vendues - Produits Non-Divocco,,Marchandises en stock,Masque médical,,Masque SafeMask® SofSkin®
3977868000001196237,2023-07-12 00:21:33,2025-07-26 20:51:44,"Masque SafeMask® SofSkin®, Niveau 3, Rose",,CAD 21.99,Ventes Produits Non-Divocco,true,,Medicom,0,0,0,0,cm,kg,,,,,true,,goods,2,,,Active,Boite de 50,,Me-2088,,,,,,Coût des marchandises vendues - Produits Non-Divocco,,Marchandises en stock,Masque médical,,Masque SafeMask® SofSkin®
3977868000001196239,2023-07-12 00:21:33,2025-04-16 12:54:30,"Masque SafeMask® SofSkin®, Niveau 3, Lavande",,CAD 21.99,Ventes Produits Non-Divocco,true,,Medicom,0,0,0,0,cm,kg,,,,,true,,goods,2,,,Active,Boite de 50,,Me-2089,,,,,,Coût des marchandises vendues - Produits Non-Divocco,,Marchandises en stock,Masque médical,,Masque SafeMask® SofSkin®
3977868000001196317,2023-07-12 00:21:34,2025-02-15 03:05:21,"Masque SafeMask® FreeFlow®, Niveau 1, Lavande",,CAD 17.99,Ventes Produits Non-Divocco,true,,Medicom,0,0,0,0,cm,kg,,,,,true,,goods,2,,,Active,Boite de 50,,Me-200311,,,,,,Coût des marchandises vendues - Produits Non-Divocco,,Marchandises en stock,Masque médical,,Masque SafeMask® FreeFlow®
3977868000001196319,2023-07-12 00:21:34,2025-02-15 03:05:22,"Masque SafeMask® FreeFlow®, Niveau 1, Blanc",,CAD 17.99,Ventes Produits Non-Divocco,true,,Medicom,0,0,0,0,cm,kg,,,,,true,,goods,2,,,Active,Boite de 50,,Me-200315,,,,,,Coût des marchandises vendues - Produits Non-Divocco,,Marchandises en stock,Masque médical,,Masque SafeMask® FreeFlow®
3977868000001196321,2023-07-12 00:21:34,2025-02-15 03:05:22,"Masque SafeMask® FreeFlow®, Niveau 1, Rose",,CAD 17.99,Ventes Produits Non-Divocco,true,,Medicom,0,0,0,0,cm,kg,,,,,true,,goods,2,,,Active,Boite de 50,,Me-200316,,,,,,Coût des marchandises vendues - Produits Non-Divocco,,Marchandises en stock,Masque médical,,Masque SafeMask® FreeFlow®
3977868000001196323,2023-07-12 00:21:34,2025-07-26 20:51:44,"Masque SafeMask® FreeFlow®, Niveau 2, Bleu",,CAD 19.99,Ventes Produits Non-Divocco,true,,Medicom,0,0,0,0,cm,kg,,,,,true,,goods,2,,,Active,Boite de 50,,Me-200415,,,,,,Coût des marchandises vendues - Produits Non-Divocco,,Marchandises en stock,Masque médical,,Masque SafeMask® FreeFlow®
3977868000001196325,2023-07-12 00:21:34,2025-02-15 03:05:22,"Masque SafeMask® FreeFlow®, Niveau 2, Rose",,CAD 19.99,Ventes Produits Non-Divocco,true,,Medicom,0,0,0,0,cm,kg,,,,,true,,goods,2,,,Active,Boite de 50,,Me-200416,,,,,,Coût des marchandises vendues - Produits Non-Divocco,,Marchandises en stock,Masque médical,,Masque SafeMask® FreeFlow®
3977868000001196327,2023-07-12 00:21:34,2025-07-26 20:51:44,"Masque SafeMask® FreeFlow®, Niveau 3, Lavande",,CAD 22.99,Ventes Produits Non-Divocco,true,,Medicom,0,0,0,0,cm,kg,,,,,true,,goods,2,,,Active,Boite de 50,,Me-200511,,,,,,Coût des marchandises vendues - Produits Non-Divocco,,Marchandises en stock,Masque médical,,Masque SafeMask® FreeFlow®
3977868000001196329,2023-07-12 00:21:34,2025-07-14 13:13:29,"Masque SafeMask® FreeFlow®, Niveau 3, Blanc",,CAD 22.99,Ventes Produits Non-Divocco,true,,Medicom,0,0,0,0,cm,kg,,,,,true,,goods,2,,,Active,Boite de 50,,Me-200514,,,,,,Coût des marchandises vendues - Produits Non-Divocco,,Marchandises en stock,Masque médical,,Masque SafeMask® FreeFlow®
3977868000001196331,2023-07-12 00:21:34,2025-02-15 03:05:23,"Masque SafeMask® FreeFlow®, Niveau 3, Bleu",,CAD 22.99,Ventes Produits Non-Divocco,true,,Medicom,0,0,0,0,cm,kg,,,,,true,,goods,2,,,Active,Boite de 50,,Me-200515,,,,,,Coût des marchandises vendues - Produits Non-Divocco,,Marchandises en stock,Masque médical,,Masque SafeMask® FreeFlow®
3977868000001196333,2023-07-12 00:21:34,2025-07-26 20:51:44,"Masque SafeMask® FreeFlow®, Niveau 3, Rose",,CAD 22.99,Ventes Produits Non-Divocco,true,,Medicom,0,0,0,0,cm,kg,,,,,true,,goods,2,,,Active,Boite de 50,,Me-200516,,,,,,Coût des marchandises vendues - Produits Non-Divocco,,Marchandises en stock,Masque médical,,Masque SafeMask® FreeFlow®
3977868000001196417,2023-07-12 00:21:34,2025-07-26 20:51:44,Medicom® Compresses de gaze non tissée-2 x 2 po,,CAD 1.00,Ventes Produits Non-Divocco,true,,Medicom,0,0,0,0,cm,kg,,,,,true,,goods,2,,,Active,caisse de 4000,,Me-2102,,,,,,Coût des marchandises vendues - Produits Non-Divocco,,Marchandises en stock,"Compresse, gaze et cotton",,Medicom® Compresses de gaze non tissée
3977868000001196419,2023-07-12 00:21:34,2025-07-26 20:51:44,Medicom® Compresses de gaze non tissée-4 x 4 po,,CAD 1.00,Ventes Produits Non-Divocco,true,,Medicom,0,0,0,0,cm,kg,,,,,true,,goods,2,,,Active,caisse de 2000,,Me-2104,,,,,,Coût des marchandises vendues - Produits Non-Divocco,,Marchandises en stock,"Compresse, gaze et cotton",,Medicom® Compresses de gaze non tissée
3977868000001196457,2023-07-12 00:21:34,2025-07-30 15:58:25,Ritmed® Compresses de gaze non tissée-2 x 2 po-Non-stérile,,CAD 32.00,Ventes Produits Non-Divocco,true,,Medicom,0,0,0,0,cm,kg,,,,,true,,goods,2,,,Active,caisse de 5000,,Me-A2101-CH,,,,,,Coût des marchandises vendues - Produits Non-Divocco,,Marchandises en stock,"Compresse, gaze et cotton",,Ritmed® Compresses de gaze non tissée
3977868000001196459,2023-07-12 00:21:34,2025-07-26 20:51:44,Ritmed® Compresses de gaze non tissée-3 x 3 po-Non-stérile,,CAD 1.00,Ventes Produits Non-Divocco,true,,Medicom,0,0,0,0,cm,kg,,,,,true,,goods,2,,,Active,caisse de 4000,,Me-A2103-CH,,,,,,Coût des marchandises vendues - Produits Non-Divocco,,Marchandises en stock,"Compresse, gaze et cotton",,Ritmed® Compresses de gaze non tissée
3977868000001196461,2023-07-12 00:21:34,2025-08-04 13:54:37,Ritmed® Compresses de gaze non tissée-4 x 4 po-Non-stérile,,CAD 48.00,Ventes Produits Non-Divocco,true,,Medicom,0,0,0,0,cm,kg,,,,,true,,goods,2,,,Active,caisse de 2000,,Me-A2100-CH,,,,,,Coût des marchandises vendues - Produits Non-Divocco,,Marchandises en stock,"Compresse, gaze et cotton",,Ritmed® Compresses de gaze non tissée
3977868000001196463,2023-07-12 00:21:34,2024-12-09 03:05:27,Ritmed® Compresses de gaze non tissée-3 x 4 po-Non-stérile,,CAD 1.00,Ventes Produits Non-Divocco,true,,Medicom,0,0,0,0,cm,kg,,,,,true,,goods,2,,,Active,Caisse de 4000,,Me-A2105-CH,,,,,,Coût des marchandises vendues - Produits Non-Divocco,,Marchandises en stock,"Compresse, gaze et cotton",,Ritmed® Compresses de gaze non tissée
3977868000001196465,2023-07-12 00:21:34,2024-12-09 03:02:49,Ritmed® Compresses de gaze non tissée-8 x 4 po-Non-stérile,,CAD 1.00,Ventes Produits Non-Divocco,true,,Medicom,0,0,0,0,cm,kg,,,,,true,,goods,2,,,Active,caisse de 2000,,Me-A2106-CH,,,,,,Coût des marchandises vendues - Produits Non-Divocco,,Marchandises en stock,"Compresse, gaze et cotton",,Ritmed® Compresses de gaze non tissée
3977868000001196467,2023-07-12 00:21:34,2025-07-26 20:51:44,Ritmed® Compresses de gaze non tissée-2 x 2 po-Stérile,,CAD 1.00,Ventes Produits Non-Divocco,true,,Medicom,0,0,0,0,cm,kg,,,,,true,,goods,2,,,Active,Caisse de 3000,,Me-A2240,,,,,,Coût des marchandises vendues - Produits Non-Divocco,,Marchandises en stock,"Compresse, gaze et cotton",,Ritmed® Compresses de gaze non tissée
3977868000001196469,2023-07-12 00:21:34,2024-12-09 03:02:49,Ritmed® Compresses de gaze non tissée-3 x 3 po-Stérile,,CAD 1.00,Ventes Produits Non-Divocco,true,,Medicom,0,0,0,0,cm,kg,,,,,true,,goods,2,,,Active,Caisse de 2400,,Me-A3340,,,,,,Coût des marchandises vendues - Produits Non-Divocco,,Marchandises en stock,"Compresse, gaze et cotton",,Ritmed® Compresses de gaze non tissée
3977868000001196471,2023-07-12 00:21:34,2025-07-26 20:51:44,Ritmed® Compresses de gaze non tissée-4 x 4 po-Stérile,,CAD 1.00,Ventes Produits Non-Divocco,true,,Medicom,0,0,0,0,cm,kg,,,,,true,,goods,2,,,Active,Boites de 100,,Me-A4800,,,,,,Coût des marchandises vendues - Produits Non-Divocco,,Marchandises en stock,"Compresse, gaze et cotton",,Ritmed® Compresses de gaze non tissée
3977868000001196473,2023-07-12 00:21:34,2024-12-09 03:02:50,Ritmed® Compresses de gaze non tissée-8 x 4 po-Stérile,,CAD 1.00,Ventes Produits Non-Divocco,true,,Medicom,0,0,0,0,cm,kg,,,,,true,,goods,2,,,Active,Caisse de 1000,,Me-A8840,,,,,,Coût des marchandises vendues - Produits Non-Divocco,,Marchandises en stock,"Compresse, gaze et cotton",,Ritmed® Compresses de gaze non tissée
3977868000001196553,2023-07-12 00:21:35,2025-07-22 13:54:16,"Compresses de gaze non tissée Ritmed® Vital Gaze®, 2 x 2 po 4 Plis, Non-stérile",,CAD 84.99,Ventes Produits Non-Divocco,true,,Medicom,0,0,0,0,cm,kg,,,,,true,,goods,2,,,Active,Caisse de 8000,,Me-A7632,,,,,,Coût des marchandises vendues - Produits Non-Divocco,,Marchandises en stock,"Compresse, gaze et cotton",,Compresses de gaze non tissée Ritmed® Vital Gaze®
3977868000001196555,2023-07-12 00:21:35,2025-07-26 20:51:44,"Compresses de gaze non tissée Ritmed® Vital Gaze®, 3 x 3 po 4 Plis, Non-stérile",,CAD 87.99,Ventes Produits Non-Divocco,true,,Medicom,0,0,0,0,cm,kg,,,,,true,,goods,2,,,Active,Caisse de 4000,,Me-A7633,,,,,,Coût des marchandises vendues - Produits Non-Divocco,,Marchandises en stock,"Compresse, gaze et cotton",,Compresses de gaze non tissée Ritmed® Vital Gaze®
3977868000001196557,2023-07-12 00:21:35,2025-07-26 20:51:44,"Compresses de gaze non tissée Ritmed® Vital Gaze®, 4 x 4 po 4 Plis, Non-stérile",,CAD 93.99,Ventes Produits Non-Divocco,true,,Medicom,0,0,0,0,cm,kg,,,,,true,,goods,2,,,Active,Caisse de 2000,,Me-A7634,,,,,,Coût des marchandises vendues - Produits Non-Divocco,,Marchandises en stock,"Compresse, gaze et cotton",,Compresses de gaze non tissée Ritmed® Vital Gaze®
3977868000001196559,2023-07-12 00:21:35,2025-02-15 03:05:24,"Compresses de gaze non tissée Ritmed® Vital Gaze®, 4 x 4 po 4 Plis, Stérile",,CAD 107.99,Ventes Produits Non-Divocco,true,,Medicom,0,0,0,0,cm,kg,,,,,true,,goods,2,,,Active,Caisse de 1200,,Me-A2337,,,,,,Coût des marchandises vendues - Produits Non-Divocco,,Marchandises en stock,"Compresse, gaze et cotton",,Compresses de gaze non tissée Ritmed® Vital Gaze®
3977868000001196561,2023-07-12 00:21:35,2025-02-15 03:05:24,"Compresses de gaze non tissée Ritmed® Vital Gaze®, 2 x 2 po 4 Plis, Stérile",,CAD 114.99,Ventes Produits Non-Divocco,true,,Medicom,0,0,0,0,cm,kg,,,,,true,,goods,2,,,Active,Caisse de 3000,,Me-A2338,,,,,,Coût des marchandises vendues - Produits Non-Divocco,,Marchandises en stock,"Compresse, gaze et cotton",,Compresses de gaze non tissée Ritmed® Vital Gaze®
3977868000001196621,2023-07-12 00:21:35,2025-02-15 03:04:37,"Medicom® SafeBasics® All Gaze Compresses de gaze en coton, 4 x 4 po 8 Plis, Non-stérile",,CAD 164.99,Ventes Produits Non-Divocco,true,,Medicom,0,0,0,0,cm,kg,,,,,true,,goods,2,,,Active,Caisse de 4000,,Me-3005,,,,,,Coût des marchandises vendues - Produits Non-Divocco,,Marchandises en stock,"Compresse, gaze et cotton",,Medicom® SafeBasics® All Gaze Compresses de gaze en coton 4 x 4 po
3977868000001196633,2023-07-12 00:21:35,2025-07-26 20:51:44,"Pellicule protectrice Medicom® , 1200 feuilles par rouleau, , Bleu",,CAD 205.99,Ventes Produits Non-Divocco,true,,Medicom,0,0,0,0,cm,kg,,,,,true,,goods,2,,,Active,boite de 1200 feuilles,,Me-5050,,,,,,Coût des marchandises vendues - Produits Non-Divocco,,Marchandises en stock,Emballage CSR,Matériel de stérilisation,"Pellicule protectrice Medicom® , 1200 feuilles par rouleau"
3977868000001196635,2023-07-12 00:21:35,2025-07-26 20:51:44,"Pellicule protectrice Medicom® , 1200 feuilles par rouleau, , Transparent (clair)",,CAD 205.99,Ventes Produits Non-Divocco,true,,Medicom,0,0,0,0,cm,kg,,,,,true,,goods,2,,,Active,Caisse 1200 x 8 = 9600,,Me-5051,,,,,,Coût des marchandises vendues - Produits Non-Divocco,,Marchandises en stock,Emballage CSR,Matériel de stérilisation,"Pellicule protectrice Medicom® , 1200 feuilles par rouleau"
3977868000001196673,2023-07-12 00:21:35,2025-02-15 03:04:37,"Ritmed® AssureWear® Bonnet Bouffant, 24 pouceS, Bleu",,CAD 69.99,Ventes Produits Non-Divocco,true,,Medicom,0,0,0,0,cm,kg,,,,,true,,goods,2,,,Active,Caisse 100 x 5 = 500,,Me-8004-18,,,,,,Coût des marchandises vendues - Produits Non-Divocco,,Marchandises en stock,Bonnets,Gobelets et protection diverse,"Ritmed® AssureWear® Bonnet Bouffant, 24 po, Bleu, en sac"
3977868000001196685,2023-07-12 00:21:35,2025-02-15 03:05:24,"Couvre-chaussures Medicom SafeBasics, Très grand, Antidérapant et non-conductible",,CAD 49.99,Ventes Produits Non-Divocco,true,,Medicom,0,0,0,0,cm,kg,,,,,true,,goods,2,,,Active,Caisse de 300,,Me-8006,,,,,,Coût des marchandises vendues - Produits Non-Divocco,,Marchandises en stock,Couvre-chaussures,Gobelets et protection diverse,Couvre-chaussures Medicom SafeBasics
3977868000001196687,2023-07-12 00:21:35,2025-02-15 03:05:24,"Couvre-chaussures Medicom SafeBasics, Régulier, Antidérapant et non-conductible",,CAD 48.99,Ventes Produits Non-Divocco,true,,Medicom,0,0,0,0,cm,kg,,,,,true,,goods,2,,,Active,Caisse de 300,,Me-8007,,,,,,Coût des marchandises vendues - Produits Non-Divocco,,Marchandises en stock,Couvre-chaussures,Gobelets et protection diverse,Couvre-chaussures Medicom SafeBasics
3977868000001196689,2023-07-12 00:21:35,2025-07-26 20:51:44,"Couvre-chaussures Medicom SafeBasics, Régulier, Non-conductible",,CAD 48.99,Ventes Produits Non-Divocco,true,,Medicom,0,0,0,0,cm,kg,,,,,true,,goods,2,,,Active,Caisse de 300,,Me-8008,,,,,,Coût des marchandises vendues - Produits Non-Divocco,,Marchandises en stock,Couvre-chaussures,Gobelets et protection diverse,Couvre-chaussures Medicom SafeBasics
3977868000001196691,2023-07-12 00:21:35,2025-02-15 03:05:25,"Couvre-chaussures Medicom SafeBasics, Très grand, Antidéparant",,CAD 68.99,Ventes Produits Non-Divocco,true,,Medicom,0,0,0,0,cm,kg,,,,,true,,goods,2,,,Active,Caisse de 300,,Me-8006XL,,,,,,Coût des marchandises vendues - Produits Non-Divocco,,Marchandises en stock,Couvre-chaussures,Gobelets et protection diverse,Couvre-chaussures Medicom SafeBasics
3977868000001196693,2023-07-12 00:21:35,2025-02-15 03:05:25,"Couvre-chaussures Medicom SafeBasics, Très grand, Non Conductible",,CAD 68.99,Ventes Produits Non-Divocco,true,,Medicom,0,0,0,0,cm,kg,,,,,true,,goods,2,,,Active,Caisse de 300,,Me-8008-XL,,,,,,Coût des marchandises vendues - Produits Non-Divocco,,Marchandises en stock,Couvre-chaussures,Gobelets et protection diverse,Couvre-chaussures Medicom SafeBasics
3977868000001196749,2023-07-12 00:21:36,2025-02-15 03:05:25,"Couvre-chaussure AssureWear, Très grand, Hauteur de cheville",,CAD 169.99,Ventes Produits Non-Divocco,true,,Medicom,0,0,0,0,cm,kg,,,,,true,,goods,2,,,Active,Caisse de 500,,Me-A8007-HT-XL,,,,,,Coût des marchandises vendues - Produits Non-Divocco,,Marchandises en stock,Couvre-chaussures,Gobelets et protection diverse,Couvre-chaussure AssureWear
3977868000001196751,2023-07-12 00:21:36,2025-02-15 03:05:25,"Couvre-chaussure AssureWear plastic, Régulier, Antidéparant",,CAD 155.99,Ventes Produits Non-Divocco,true,,Medicom,0,0,0,0,cm,kg,,,,,true,,goods,2,,,Active,Caisse de 500,,Me-A8008-PLAS,,,,,,Coût des marchandises vendues - Produits Non-Divocco,,Marchandises en stock,Couvre-chaussures,Gobelets et protection diverse,Couvre-chaussure AssureWear
3977868000001196769,2023-07-12 00:21:36,2025-02-15 03:05:25,"Cache-barbe Taille universelle Medicom® SafeBasics®, Caisse de 1000, Blanc",,CAD 99.99,Ventes Produits Non-Divocco,true,,Medicom,0,0,0,0,cm,kg,,,,,true,,goods,2,,,Active,Caisse de 1000,,Me-8035,,,,,,Coût des marchandises vendues - Produits Non-Divocco,,Marchandises en stock,Bonnets,Gobelets et protection diverse,Cache-barbe Taille universelle Medicom® SafeBasics®
3977868000001196801,2023-07-12 00:21:36,2025-02-15 03:05:53,"Bavettes Dry-Back® de Medicom® SafeBasics®, 2 plis, Noir",,CAD 44.99,Ventes Produits Non-Divocco,true,,Medicom,0,0,0,0,cm,kg,,,,,true,,goods,2,,,Active,Caisse de 500,,Me-8292,,,,,,Coût des marchandises vendues - Produits Non-Divocco,,Marchandises en stock,Bavette dentaire,Bavette dentaire et couvre-surface,Bavettes Dry-Back® de Medicom® SafeBasics®
3977868000001196803,2023-07-12 00:21:36,2025-07-26 13:50:52,"Bavettes Dry-Back® de Medicom® SafeBasics®, 3 plis, Lavande",,CAD 53.99,Ventes Produits Non-Divocco,true,,Medicom,0,0,0,0,cm,kg,,,,,true,,goods,2,,,Active,Caisse de 500,,Me-8380,,,,,,Coût des marchandises vendues - Produits Non-Divocco,,Marchandises en stock,Bavette dentaire,Bavette dentaire et couvre-surface,Bavettes Dry-Back® de Medicom® SafeBasics®
3977868000001196805,2023-07-12 00:21:36,2025-02-15 03:05:53,"Bavettes Dry-Back® de Medicom® SafeBasics®, 3 plis, Gris",,CAD 53.99,Ventes Produits Non-Divocco,true,,Medicom,0,0,0,0,cm,kg,,,,,true,,goods,2,,,Active,Caisse de 500,,Me-8381,,,,,,Coût des marchandises vendues - Produits Non-Divocco,,Marchandises en stock,Bavette dentaire,Bavette dentaire et couvre-surface,Bavettes Dry-Back® de Medicom® SafeBasics®
3977868000001196807,2023-07-12 00:21:36,2025-02-15 03:05:53,"Bavettes Dry-Back® de Medicom® SafeBasics®, 3 plis, Bleu",,CAD 53.99,Ventes Produits Non-Divocco,true,,Medicom,0,0,0,0,cm,kg,,,,,true,,goods,2,,,Active,Caisse de 500,,Me-8382,,,,,,Coût des marchandises vendues - Produits Non-Divocco,,Marchandises en stock,Bavette dentaire,Bavette dentaire et couvre-surface,Bavettes Dry-Back® de Medicom® SafeBasics®
3977868000001196809,2023-07-12 00:21:36,2025-07-26 13:50:52,"Bavettes Dry-Back® de Medicom® SafeBasics®, 3 plis, Blanc",,CAD 53.99,Ventes Produits Non-Divocco,true,,Medicom,0,0,0,0,cm,kg,,,,,true,,goods,2,,,Active,Caisse de 500,,Me-8383,,,,,,Coût des marchandises vendues - Produits Non-Divocco,,Marchandises en stock,Bavette dentaire,Bavette dentaire et couvre-surface,Bavettes Dry-Back® de Medicom® SafeBasics®
3977868000001196813,2023-07-12 00:21:36,2025-02-15 03:05:54,"Bavettes Dry-Back® de Medicom® SafeBasics®, 3 plis, Vert",,CAD 53.99,Ventes Produits Non-Divocco,true,,Medicom,0,0,0,0,cm,kg,,,,,true,,goods,2,,,Active,Caisse de 500,,Me-8385,,,,,,Coût des marchandises vendues - Produits Non-Divocco,,Marchandises en stock,Bavette dentaire,Bavette dentaire et couvre-surface,Bavettes Dry-Back® de Medicom® SafeBasics®
3977868000001196815,2023-07-12 00:21:36,2025-07-26 20:51:44,"Bavettes Dry-Back® de Medicom® SafeBasics®, 3 plis, Rose",,CAD 53.99,Ventes Produits Non-Divocco,true,,Medicom,0,0,0,0,cm,kg,,,,,true,,goods,2,,,Active,Caisse de 500,,Me-8386,,,,,,Coût des marchandises vendues - Produits Non-Divocco,,Marchandises en stock,Bavette dentaire,Bavette dentaire et couvre-surface,Bavettes Dry-Back® de Medicom® SafeBasics®
3977868000001196821,2023-07-12 00:21:36,2025-02-15 03:05:55,"Bavettes Dry-Back® de Medicom® SafeBasics®, 3 plis, Aqua",,CAD 53.99,Ventes Produits Non-Divocco,true,,Medicom,0,0,0,0,cm,kg,,,,,true,,goods,2,,,Active,Caisse de 500,,Me-8389,,,,,,Coût des marchandises vendues - Produits Non-Divocco,,Marchandises en stock,Bavette dentaire,Bavette dentaire et couvre-surface,Bavettes Dry-Back® de Medicom® SafeBasics®
3977868000001196781,2023-07-12 00:21:36,2025-07-26 20:51:44,"Bavettes Dry-Back® de Medicom® SafeBasics®, 2 plis, Lavande",,CAD 44.99,Ventes Produits Non-Divocco,true,,Medicom,0,0,0,0,cm,kg,,,,,true,,goods,2,,,Active,Caisse de 500,,Me-8280,,,,,,Coût des marchandises vendues - Produits Non-Divocco,,Marchandises en stock,Bavette dentaire,Bavette dentaire et couvre-surface,Bavettes Dry-Back® de Medicom® SafeBasics®
3977868000001196783,2023-07-12 00:21:36,2025-02-15 03:05:26,"Bavettes Dry-Back® de Medicom® SafeBasics®, 2 plis, Gris",,CAD 44.99,Ventes Produits Non-Divocco,true,,Medicom,0,0,0,0,cm,kg,,,,,true,,goods,2,,,Active,Caisse de 500,,Me-8281,,,,,,Coût des marchandises vendues - Produits Non-Divocco,,Marchandises en stock,Bavette dentaire,Bavette dentaire et couvre-surface,Bavettes Dry-Back® de Medicom® SafeBasics®
3977868000001196785,2023-07-12 00:21:36,2025-02-15 03:05:26,"Bavettes Dry-Back® de Medicom® SafeBasics®, 2 plis, Bleu",,CAD 44.99,Ventes Produits Non-Divocco,true,,Medicom,0,0,0,0,cm,kg,,,,,true,,goods,2,,,Active,Caisse de 500,,Me-8282,,,,,,Coût des marchandises vendues - Produits Non-Divocco,,Marchandises en stock,Bavette dentaire,Bavette dentaire et couvre-surface,Bavettes Dry-Back® de Medicom® SafeBasics®
3977868000001196787,2023-07-12 00:21:36,2025-07-26 20:51:44,"Bavettes Dry-Back® de Medicom® SafeBasics®, 2 plis, Blanc",,CAD 44.99,Ventes Produits Non-Divocco,true,,Medicom,0,0,0,0,cm,kg,,,,,true,,goods,2,,,Active,Caisse de 500,,Me-8283,,,,,,Coût des marchandises vendues - Produits Non-Divocco,,Marchandises en stock,Bavette dentaire,Bavette dentaire et couvre-surface,Bavettes Dry-Back® de Medicom® SafeBasics®
3977868000001196791,2023-07-12 00:21:36,2025-06-18 15:46:44,"Bavettes Dry-Back® de Medicom® SafeBasics®, 2 plis, Vert",,CAD 44.99,Ventes Produits Non-Divocco,true,,Medicom,0,0,0,0,cm,kg,,,,,true,,goods,2,,,Active,Caisse de 500,,Me-8285,,,,,,Coût des marchandises vendues - Produits Non-Divocco,,Marchandises en stock,Bavette dentaire,Bavette dentaire et couvre-surface,Bavettes Dry-Back® de Medicom® SafeBasics®
3977868000001196793,2023-07-12 00:21:36,2025-07-26 20:51:44,"Bavettes Dry-Back® de Medicom® SafeBasics®, 2 plis, Rose",,CAD 44.99,Ventes Produits Non-Divocco,true,,Medicom,0,0,0,0,cm,kg,,,,,true,,goods,2,,,Active,Caisse de 500,,Me-8286,,,,,,Coût des marchandises vendues - Produits Non-Divocco,,Marchandises en stock,Bavette dentaire,Bavette dentaire et couvre-surface,Bavettes Dry-Back® de Medicom® SafeBasics®
3977868000001196797,2023-07-12 00:21:36,2025-06-18 15:46:45,Bavettes Dry-Back® de Medicom® SafeBasics®-2 plis-Pêche,,CAD 1.00,Ventes Produits Non-Divocco,true,,Medicom,0,0,0,0,cm,kg,,,,,true,,goods,2,,,Active,Caisse de 500,,Me-8288,,,,,,Coût des marchandises vendues - Produits Non-Divocco,,Marchandises en stock,Bavette dentaire,Bavette dentaire et couvre-surface,Bavettes Dry-Back® de Medicom® SafeBasics®
3977868000001196799,2023-07-12 00:21:36,2025-02-15 03:05:53,"Bavettes Dry-Back® de Medicom® SafeBasics®, 2 plis, Aqua",,CAD 44.99,Ventes Produits Non-Divocco,true,,Medicom,0,0,0,0,cm,kg,,,,,true,,goods,2,,,Active,Caisse de 500,,Me-8289,,,,,,Coût des marchandises vendues - Produits Non-Divocco,,Marchandises en stock,Bavette dentaire,Bavette dentaire et couvre-surface,Bavettes Dry-Back® de Medicom® SafeBasics®
3977868000001196985,2023-07-12 00:21:36,2024-12-09 03:02:51,"Taie d'oreiller en papier, 21 x 30 po, Blanc",,CAD 26.99,Ventes Produits Non-Divocco,true,,Medicom,0,0,0,0,cm,kg,,,,,true,,goods,2,,,Active,Caisse de 100,,Me-A1090,,,,,,Coût des marchandises vendues - Produits Non-Divocco,,Marchandises en stock,Couvre appuie-tête,Bavette dentaire et couvre-surface,Taie d'oreiller en papier blanc 21 x 30 po
3977868000001196997,2023-07-12 00:21:36,2025-07-26 20:51:44,"LAPALM Alcool isopropylique, 70%",,CAD 43.99,Ventes Produits Non-Divocco,true,,LA PALM SPA,0,0,0,0,cm,kg,,,,,true,,goods,2,,,Active,Bidon de 4L,,LA-ALCOOL70-GB,,,,,,Coût des marchandises vendues - Produits Non-Divocco,,Marchandises en stock,Désinfectant de surface,Produit de désinfection et nettoyage,Medicom® Alcool isopropylique
3977868000001196999,2023-07-12 00:21:36,2025-01-29 03:18:34,"Medicom® Alcool isopropylique, 0.99",,CAD 49.99,Ventes Produits Non-Divocco,true,,Medicom,0,0,0,0,cm,kg,,,,,true,,goods,2,,,Active,Bidon de 4L,,Me-30099,,,,,,Coût des marchandises vendues - Produits Non-Divocco,,Marchandises en stock,Désinfectant de surface,Produit de désinfection et nettoyage,Medicom® Alcool isopropylique
3977868000001197037,2023-07-12 00:21:37,2024-12-09 03:02:51,"Papier pour table d'examen blanc Medicom® SafeBasics®, 21 po x 225 pi, Blanc",,CAD 94.99,Ventes Produits Non-Divocco,true,,Medicom,0,0,0,0,cm,kg,,,,,true,,goods,2,,,Active,Caisse de 12 rouleaux,,Me-80201,,,,,,Coût des marchandises vendues - Produits Non-Divocco,,Marchandises en stock,Papier protection pour table,Bavette dentaire et couvre-surface,Papier pour table d'examen blanc Medicom® SafeBasics®
3977868000001197039,2023-07-12 00:21:37,2024-12-09 03:02:52,"Papier pour table d'examen blanc Medicom® SafeBasics®, 21 po x 125 pi, Blanc",,CAD 79.99,Ventes Produits Non-Divocco,true,,Medicom,0,0,0,0,cm,kg,,,,,true,,goods,2,,,Active,Caisse de 12 rouleaux,,Me-80202,,,,,,Coût des marchandises vendues - Produits Non-Divocco,,Marchandises en stock,Papier protection pour table,Bavette dentaire et couvre-surface,Papier pour table d'examen blanc Medicom® SafeBasics®
3977868000001197041,2023-07-12 00:21:37,2024-12-09 03:02:52,"Papier pour table d'examen blanc Medicom® SafeBasics®, 18 po x 225 pi, Blanc",,CAD 84.99,Ventes Produits Non-Divocco,true,,Medicom,0,0,0,0,cm,kg,,,,,true,,goods,2,,,Active,Caisse de 12 rouleaux,,Me-80203,,,,,,Coût des marchandises vendues - Produits Non-Divocco,,Marchandises en stock,Papier protection pour table,Bavette dentaire et couvre-surface,Papier pour table d'examen blanc Medicom® SafeBasics®
3977868000001197043,2023-07-12 00:21:37,2024-12-09 03:02:52,"Papier pour table d'examen blanc Medicom® SafeBasics®, 18 po x 125 pi, Blanc",,CAD 71.99,Ventes Produits Non-Divocco,true,,Medicom,0,0,0,0,cm,kg,,,,,true,,goods,2,,,Active,Caisse de 12 rouleaux,,Me-80204,,,,,,Coût des marchandises vendues - Produits Non-Divocco,,Marchandises en stock,Papier protection pour table,Bavette dentaire et couvre-surface,Papier pour table d'examen blanc Medicom® SafeBasics®
3977868000001197045,2023-07-12 00:21:37,2024-12-09 03:02:53,"Papier pour table d'examen blanc Medicom® SafeBasics®, 24 po x 225 pi, Blanc",,CAD 119.99,Ventes Produits Non-Divocco,true,,Medicom,0,0,0,0,cm,kg,,,,,true,,goods,2,,,Active,Caisse de 12 rouleaux,,Me-80205,,,,,,Coût des marchandises vendues - Produits Non-Divocco,,Marchandises en stock,Papier protection pour table,Bavette dentaire et couvre-surface,Papier pour table d'examen blanc Medicom® SafeBasics®
3977868000001197081,2023-07-12 00:21:37,2025-07-26 20:51:44,"Pochettes de stérilisation autoscellantes Medicom® SafeBasics®, SafeBaSicS®, 2,75 x 9 po",,CAD 10.99,Ventes Produits Non-Divocco,true,,Medicom,0,0,0,0,cm,kg,,,,,true,,goods,2,,,Active,Boite de 200,,Me-99000,,,,,,Coût des marchandises vendues - Produits Non-Divocco,,Marchandises en stock,Pochette de stérilisation,Matériel de stérilisation,Pochettes de stérilisation autoscellantes Medicom® SafeBasics®
3977868000001197083,2023-07-12 00:21:37,2025-07-26 20:51:44,"Pochettes de stérilisation autoscellantes Medicom® SafeBasics®, SafeBaSicS®, 3,5 x 5,25 po",,CAD 13.99,Ventes Produits Non-Divocco,true,,Medicom,0,0,0,0,cm,kg,,,,,true,,goods,2,,,Active,Boite de 200,,Me-99005,,,,,,Coût des marchandises vendues - Produits Non-Divocco,,Marchandises en stock,Pochette de stérilisation,Matériel de stérilisation,Pochettes de stérilisation autoscellantes Medicom® SafeBasics®
3977868000001197085,2023-07-12 00:21:37,2025-07-26 20:51:44,"Pochettes de stérilisation autoscellantes Medicom® SafeBasics®, SafeBaSicS®, 3,5 x 9 po",,CAD 11.90,Ventes Produits Non-Divocco,true,,Medicom,0,0,0,0,cm,kg,,,,,true,,goods,2,,,Active,Boite de 200,,Me-99010,,,,,,Coût des marchandises vendues - Produits Non-Divocco,,Marchandises en stock,Pochette de stérilisation,Matériel de stérilisation,Pochettes de stérilisation autoscellantes Medicom® SafeBasics®
3977868000001197087,2023-07-12 00:21:37,2025-07-26 20:51:44,"Pochettes de stérilisation autoscellantes Medicom® SafeBasics®, SafeBaSicS®, 2,25 x 4 po",,CAD 9.49,Ventes Produits Non-Divocco,true,,Medicom,0,0,0,0,cm,kg,,,,,true,,goods,2,,,Active,Boite de 200,,Me-99015,,,,,,Coût des marchandises vendues - Produits Non-Divocco,,Marchandises en stock,Pochette de stérilisation,Matériel de stérilisation,Pochettes de stérilisation autoscellantes Medicom® SafeBasics®
3977868000001197089,2023-07-12 00:21:37,2025-07-14 13:13:27,"Pochettes de stérilisation autoscellantes Medicom® SafeBasics®, SafeBaSicS®, 5,25 x 10 po",,CAD 24.99,Ventes Produits Non-Divocco,true,,Medicom,0,0,0,0,cm,kg,,,,,true,,goods,2,,,Active,Boite de 200,,Me-99025,,,,,,Coût des marchandises vendues - Produits Non-Divocco,,Marchandises en stock,Pochette de stérilisation,Matériel de stérilisation,Pochettes de stérilisation autoscellantes Medicom® SafeBasics®
3977868000001197091,2023-07-12 00:21:37,2025-07-26 20:51:44,"Pochettes de stérilisation autoscellantes Medicom® SafeBasics®, SafeBaSicS®, 7,5 x 13 po",,CAD 28.99,Ventes Produits Non-Divocco,true,,Medicom,0,0,0,0,cm,kg,,,,,true,,goods,2,,,Active,Boite de 200,,Me-99030,,,,,,Coût des marchandises vendues - Produits Non-Divocco,,Marchandises en stock,Pochette de stérilisation,Matériel de stérilisation,Pochettes de stérilisation autoscellantes Medicom® SafeBasics®
3977868000001197093,2023-07-12 00:21:37,2024-12-09 03:02:55,"Pochettes de stérilisation autoscellantes Medicom® SafeBasics®, Safe-SeaL® Quattro, 2,75 x 9 po",,CAD 21.99,Ventes Produits Non-Divocco,true,,Medicom,0,0,0,0,cm,kg,,,,,true,,goods,2,,,Active,Boite de 200,,Me-88000-4,,,,,,Coût des marchandises vendues - Produits Non-Divocco,,Marchandises en stock,Pochette de stérilisation,Matériel de stérilisation,Pochettes de stérilisation autoscellantes Medicom® SafeBasics®
3977868000001197095,2023-07-12 00:21:37,2024-12-09 03:02:55,"Pochettes de stérilisation autoscellantes Medicom® SafeBasics®, Safe-SeaL® Quattro, 4,25 x 5,25 po",,CAD 20.99,Ventes Produits Non-Divocco,true,,Medicom,0,0,0,0,cm,kg,,,,,true,,goods,2,,,Active,Boite de 200,,Me-88005-4,,,,,,Coût des marchandises vendues - Produits Non-Divocco,,Marchandises en stock,Pochette de stérilisation,Matériel de stérilisation,Pochettes de stérilisation autoscellantes Medicom® SafeBasics®
3977868000001197099,2023-07-12 00:21:37,2025-06-17 10:03:51,"Pochettes de stérilisation autoscellantes Medicom® SafeBasics®, Safe-SeaL® Quattro, 2,25 x 4 po",,CAD 17.49,Ventes Produits Non-Divocco,true,,Medicom,0,0,0,0,cm,kg,,,,,true,,goods,2,,,Active,Boite de 200,,Me-88015-4,,,,,,Coût des marchandises vendues - Produits Non-Divocco,,Marchandises en stock,Pochette de stérilisation,Matériel de stérilisation,Pochettes de stérilisation autoscellantes Medicom® SafeBasics®
3977868000001197101,2023-07-12 00:21:37,2025-07-14 13:13:27,"Pochettes de stérilisation autoscellantes Medicom® SafeBasics®, Safe-SeaL® Quattro, 5,25 x 6,5 po",,CAD 18.49,Ventes Produits Non-Divocco,true,,Medicom,0,0,0,0,cm,kg,,,,,true,,goods,2,,,Active,Boite de 200,,Me-88020-4,,,,,,Coût des marchandises vendues - Produits Non-Divocco,,Marchandises en stock,Pochette de stérilisation,Matériel de stérilisation,Pochettes de stérilisation autoscellantes Medicom® SafeBasics®
3977868000001197105,2023-07-12 00:21:37,2024-12-09 03:02:56,"Pochettes de stérilisation autoscellantes Medicom® SafeBasics®, Safe-SeaL® Quattro, 7,5 x 13 po",,CAD 55.99,Ventes Produits Non-Divocco,true,,Medicom,0,0,0,0,cm,kg,,,,,true,,goods,2,,,Active,Boite de 200,,Me-88030-4,,,,,,Coût des marchandises vendues - Produits Non-Divocco,,Marchandises en stock,Pochette de stérilisation,Matériel de stérilisation,Pochettes de stérilisation autoscellantes Medicom® SafeBasics®
3977868000001197107,2023-07-12 00:21:37,2024-12-10 16:40:57,"Pochettes de stérilisation autoscellantes Medicom® SafeBasics®, Safe-SeaL® Quattro, 10 x 14 po",,CAD 72.99,Ventes Produits Non-Divocco,true,,Medicom,0,0,0,0,cm,kg,,,,,true,,goods,2,,,Active,Boite de 200,,Me-88035-4,,,,,,Coût des marchandises vendues - Produits Non-Divocco,,Marchandises en stock,Pochette de stérilisation,Matériel de stérilisation,Pochettes de stérilisation autoscellantes Medicom® SafeBasics®
3977868000001197109,2023-07-12 00:21:37,2024-12-09 03:02:57,"Pochettes de stérilisation autoscellantes Medicom® SafeBasics®, Safe-SeaL® Quattro, 12 x 17 po",,CAD 74.99,Ventes Produits Non-Divocco,true,,Medicom,0,0,0,0,cm,kg,,,,,true,,goods,2,,,Active,Boite de 200,,Me-88040-4,,,,,,Coût des marchandises vendues - Produits Non-Divocco,,Marchandises en stock,Pochette de stérilisation,Matériel de stérilisation,Pochettes de stérilisation autoscellantes Medicom® SafeBasics®
3977868000001197111,2023-07-12 00:21:37,2024-12-09 03:02:57,"Pochettes de stérilisation autoscellantes Medicom® SafeBasics®, Safe-SeaL® Quattro, 4,25 x 11 po",,CAD 48.99,Ventes Produits Non-Divocco,true,,Medicom,0,0,0,0,cm,kg,,,,,true,,goods,2,,,Active,Boite de 200,,Me-88045-4,,,,,,Coût des marchandises vendues - Produits Non-Divocco,,Marchandises en stock,Pochette de stérilisation,Matériel de stérilisation,Pochettes de stérilisation autoscellantes Medicom® SafeBasics®
3977868000001197257,2023-07-12 00:21:37,2024-12-09 03:02:57,"Rouleaux de stérilisation pelables Medicom®, 2 po x 100 pi",,CAD 235.99,Ventes Produits Non-Divocco,true,,Medicom,0,0,0,0,cm,kg,,,,,true,,goods,2,,,Active,Caisse de 10 rouleaux,,Me-9510,,,,,,Coût des marchandises vendues - Produits Non-Divocco,,Marchandises en stock,Pochette de stérilisation,Matériel de stérilisation,Rouleaux de stérilisation pelables Medicom®
3977868000001197269,2023-07-12 00:21:37,2024-12-09 03:02:58,"Rouleaux de stérilisation pelables Medicom®, 3 po x 100 pi",,CAD 265.99,Ventes Produits Non-Divocco,true,,Medicom,0,0,0,0,cm,kg,,,,,true,,goods,2,,,Active,Caisse de 10 rouleaux,,Me-9520,,,,,,Coût des marchandises vendues - Produits Non-Divocco,,Marchandises en stock,Pochette de stérilisation,Matériel de stérilisation,Medicom® Rouleaux de stérilisation pelables Medicom®
3977868000001197271,2023-07-12 00:21:37,2024-12-09 03:02:58,"Rouleaux de stérilisation pelables Medicom®, 4 po x 100 pi",,CAD 265.99,Ventes Produits Non-Divocco,true,,Medicom,0,0,0,0,cm,kg,,,,,true,,goods,2,,,Active,Caisse de 10 rouleaux,,Me-9530,,,,,,Coût des marchandises vendues - Produits Non-Divocco,,Marchandises en stock,Pochette de stérilisation,Matériel de stérilisation,Medicom® Rouleaux de stérilisation pelables Medicom®
3977868000001197273,2023-07-12 00:21:37,2024-12-09 03:02:58,"Rouleaux de stérilisation pelables Medicom®, 6 po x 100 pi",,CAD 265.99,Ventes Produits Non-Divocco,true,,Medicom,0,0,0,0,cm,kg,,,,,true,,goods,2,,,Active,Caisse de 10 rouleaux,,Me-9540,,,,,,Coût des marchandises vendues - Produits Non-Divocco,,Marchandises en stock,Pochette de stérilisation,Matériel de stérilisation,Medicom® Rouleaux de stérilisation pelables Medicom®
3977868000001197297,2023-07-12 00:21:37,2025-07-26 20:51:44,"Enveloppe de stérilisation Quadra Fold SMMS Hedy®, 15 x 15 po",,CAD 59.99,Ventes Produits Non-Divocco,true,,Medicom,0,0,0,0,cm,kg,,,,,true,,goods,2,,,Active,Caisse de 250,,Me-620WR-15MW,,,,,,Coût des marchandises vendues - Produits Non-Divocco,,Marchandises en stock,Emballage CSR,Matériel de stérilisation,Enveloppe de stérilisation Quadra Fold SMMS Hedy®
3977868000001197299,2023-07-12 00:21:37,2025-07-26 20:51:44,"Enveloppe de stérilisation Quadra Fold SMMS Hedy®, 20 x 20 po",,CAD 49.99,Ventes Produits Non-Divocco,true,,Medicom,0,0,0,0,cm,kg,,,,,true,,goods,2,,,Active,Caisse de 125,,Me-620WR-20MW,,,,,,Coût des marchandises vendues - Produits Non-Divocco,,Marchandises en stock,Emballage CSR,Matériel de stérilisation,Enveloppe de stérilisation Quadra Fold SMMS Hedy®
3977868000001197301,2023-07-12 00:21:37,2025-02-15 03:05:56,"Enveloppe de stérilisation Quadra Fold SMMS Hedy®, 24 x 24 po",,CAD 77.99,Ventes Produits Non-Divocco,true,,Medicom,0,0,0,0,cm,kg,,,,,true,,goods,2,,,Active,Caisse de 125,,Me-620WR-24MW,,,,,,Coût des marchandises vendues - Produits Non-Divocco,,Marchandises en stock,Emballage CSR,Matériel de stérilisation,Enveloppe de stérilisation Quadra Fold SMMS Hedy®
3977868000001197325,2023-07-12 00:21:38,2024-12-09 03:02:58,"Ruban pour autoclave à vapeur Hedy®, 1 po x 55 Verges",,CAD 16.99,Ventes Produits Non-Divocco,true,,Medicom,0,0,0,0,cm,kg,,,,,true,,goods,2,,,Active,1 ruban / Caisse,,Me-630TA-1,,,,,,Coût des marchandises vendues - Produits Non-Divocco,,Marchandises en stock,Emballage CSR,Matériel de stérilisation,Ruban pour autoclave à vapeur Hedy®
3977868000001197327,2023-07-12 00:21:38,2024-12-09 03:02:59,"Ruban pour autoclave à vapeur Hedy®, 1/2 po x 55 Verges",,CAD 9.99,Ventes Produits Non-Divocco,true,,Medicom,0,0,0,0,cm,kg,,,,,true,,goods,2,,,Active,2 ruban / Caisse,,Me-630TA-50,,,,,,Coût des marchandises vendues - Produits Non-Divocco,,Marchandises en stock,Emballage CSR,Matériel de stérilisation,Ruban pour autoclave à vapeur Hedy®
3977868000001197329,2023-07-12 00:21:38,2024-12-09 03:02:59,"Ruban pour autoclave à vapeur Hedy®, 3/4 po x 55 Verges",,CAD 11.99,Ventes Produits Non-Divocco,true,,Medicom,0,0,0,0,cm,kg,,,,,true,,goods,2,,,Active,3 ruban / Caisse,,Me-630TA-75,,,,,,Coût des marchandises vendues - Produits Non-Divocco,,Marchandises en stock,Emballage CSR,Matériel de stérilisation,Ruban pour autoclave à vapeur Hedy®
3977868000001197353,2023-07-12 00:21:38,2024-12-09 03:02:59,ProSurface+® Lingettes désinfectantes avec la technologie TotalCleanMC de Medicom®-9 x 12 po,,CAD 1.00,Ventes Produits Non-Divocco,true,,Medicom,0,0,0,0,cm,kg,,,,,true,,goods,2,,,Active,1 boite de 160 lingettes,,Me-40060C,,,,,,Coût des marchandises vendues - Produits Non-Divocco,,Marchandises en stock,Lingettes désinfectantes,Produit de désinfection et nettoyage,ProSurface+® Lingettes désinfectantes avec la technologie TotalCleanMC de Medicom®
3977868000001197355,2023-07-12 00:21:38,2024-12-09 03:03:00,ProSurface+® Lingettes désinfectantes avec la technologie TotalCleanMC de Medicom®-6 x 6.75 po,,CAD 1.00,Ventes Produits Non-Divocco,true,,Medicom,0,0,0,0,cm,kg,,,,,true,,goods,2,,,Active,Boite de 65 lingettes,,Me-40061C,,,,,,Coût des marchandises vendues - Produits Non-Divocco,,Marchandises en stock,Lingettes désinfectantes,Produit de désinfection et nettoyage,ProSurface+® Lingettes désinfectantes avec la technologie TotalCleanMC de Medicom®
3977868000001197373,2023-07-12 00:21:38,2025-01-21 03:20:59,Medicom® ProSurface+® Vaporisateur désinfectant avec la technologie TotalCleanMC 32 oz (946 mL),,CAD 1.00,Ventes Produits Non-Divocco,true,,Medicom,0,0,0,0,cm,kg,,,,,true,,goods,2,,,Active,Bouteille de 32 oz,,Me-40066C,,,,,,Coût des marchandises vendues - Produits Non-Divocco,,Marchandises en stock,Désinfectant à main,Produit de désinfection et nettoyage,Medicom® ProSurface+® Vaporisateur désinfectant avec la technologie TotalCleanMC 32 oz (946 mL)
3977868000001197429,2023-07-12 00:21:38,2025-07-26 20:51:44,"Medicom SafeBasics True Fit Thin, Nitrile, S, Bleu",,CAD 26.99,Ventes Produits Non-Divocco,true,,Medicom,0,0,0,0,cm,kg,,,,,true,,goods,2,,,Active,Boite de 300,,Me-1185-B,,,,,,Coût des marchandises vendues - Produits Non-Divocco,,Marchandises en stock,Gants nitrile,Gants,"Medicom SafeBasics True Fit Thin, Nitrile"
3977868000001197431,2023-07-12 00:21:38,2025-07-26 20:51:44,"Medicom SafeBasics True Fit Thin, Nitrile, M, Bleu",,CAD 26.99,Ventes Produits Non-Divocco,true,,Medicom,0,0,0,0,cm,kg,,,,,true,,goods,2,,,Active,Boite de 300,,Me-1185-C,,,,,,Coût des marchandises vendues - Produits Non-Divocco,,Marchandises en stock,Gants nitrile,Gants,"Medicom SafeBasics True Fit Thin, Nitrile"
3977868000001197433,2023-07-12 00:21:38,2025-07-26 20:51:44,"Medicom SafeBasics True Fit Thin, Nitrile, L, Bleu",,CAD 26.99,Ventes Produits Non-Divocco,true,,Medicom,0,0,0,0,cm,kg,,,,,true,,goods,2,,,Active,Boite de 300,,Me-1185-D,,,,,,Coût des marchandises vendues - Produits Non-Divocco,,Marchandises en stock,Gants nitrile,Gants,"Medicom SafeBasics True Fit Thin, Nitrile"
3977868000001197435,2023-07-12 00:21:38,2025-07-26 20:51:44,"Medicom SafeBasics True Fit Thin, Nitrile, XS, Bleu",,CAD 26.99,Ventes Produits Non-Divocco,true,,Medicom,0,0,0,0,cm,kg,,,,,true,,goods,2,,,Active,Boite de 300,,Me-1185-A,,,,,,Coût des marchandises vendues - Produits Non-Divocco,,Marchandises en stock,Gants nitrile,Gants,"Medicom SafeBasics True Fit Thin, Nitrile"
3977868000001197437,2023-07-12 00:21:38,2025-07-26 20:51:44,"Medicom SafeBasics True Fit Thin, Nitrile, XS, Rose",,CAD 26.99,Ventes Produits Non-Divocco,true,,Medicom,0,0,0,0,cm,kg,,,,,true,,goods,2,,,Active,Boite de 300,,Me-1186-A,,,,,,Coût des marchandises vendues - Produits Non-Divocco,,Marchandises en stock,Gants nitrile,Gants,"Medicom SafeBasics True Fit Thin, Nitrile"
3977868000001197439,2023-07-12 00:21:38,2025-07-26 20:51:44,"Medicom SafeBasics True Fit Thin, Nitrile, S, Rose",,CAD 26.99,Ventes Produits Non-Divocco,true,,Medicom,0,0,0,0,cm,kg,,,,,true,,goods,2,,,Active,Boite de 300,,Me-1186-B,,,,,,Coût des marchandises vendues - Produits Non-Divocco,,Marchandises en stock,Gants nitrile,Gants,"Medicom SafeBasics True Fit Thin, Nitrile"
3977868000001197441,2023-07-12 00:21:38,2025-07-26 20:51:44,"Medicom SafeBasics True Fit Thin, Nitrile, M, Rose",,CAD 26.99,Ventes Produits Non-Divocco,true,,Medicom,0,0,0,0,cm,kg,,,,,true,,goods,2,,,Active,Boite de 300,,Me-1186-C,,,,,,Coût des marchandises vendues - Produits Non-Divocco,,Marchandises en stock,Gants nitrile,Gants,"Medicom SafeBasics True Fit Thin, Nitrile"
3977868000001197443,2023-07-12 00:21:38,2025-02-15 03:05:58,"Medicom SafeBasics True Fit Thin, Nitrile, L, Rose",,CAD 26.99,Ventes Produits Non-Divocco,true,,Medicom,0,0,0,0,cm,kg,,,,,true,,goods,2,,,Active,Boite de 300,,Me-1186-D,,,,,,Coût des marchandises vendues - Produits Non-Divocco,,Marchandises en stock,Gants nitrile,Gants,"Medicom SafeBasics True Fit Thin, Nitrile"
3977868000001197537,2023-07-12 00:21:38,2025-07-26 20:51:44,"Medicom SafeTouch Advanced Comfort, Nitrile, XS, Blanc",,CAD 34.99,Ventes Produits Non-Divocco,true,,Medicom,0,0,0,0,cm,kg,,,,,true,,goods,2,,,Active,Boite de 300,,Me-1196-A,,,,,,Coût des marchandises vendues - Produits Non-Divocco,,Marchandises en stock,Gants nitrile,Gants,"Medicom SafeTouch Advanced Comfort, Nitrile"
3977868000001197539,2023-07-12 00:21:38,2025-07-30 16:05:20,"Medicom SafeTouch Advanced Comfort, Nitrile, S, Blanc",,CAD 34.99,Ventes Produits Non-Divocco,true,,Medicom,0,0,0,0,cm,kg,,,,,true,,goods,2,,,Active,Boite de 300,,Me-1196-B,,,,,,Coût des marchandises vendues - Produits Non-Divocco,,Marchandises en stock,Gants nitrile,Gants,"Medicom SafeTouch Advanced Comfort, Nitrile"
3977868000001197541,2023-07-12 00:21:38,2025-07-26 20:51:44,"Medicom SafeTouch Advanced Comfort, Nitrile, M, Blanc",,CAD 34.99,Ventes Produits Non-Divocco,true,,Medicom,0,0,0,0,cm,kg,,,,,true,,goods,2,,,Active,Boite de 300,,Me-1196-C,,,,,,Coût des marchandises vendues - Produits Non-Divocco,,Marchandises en stock,Gants nitrile,Gants,"Medicom SafeTouch Advanced Comfort, Nitrile"
3977868000001197543,2023-07-12 00:21:38,2025-07-26 20:51:44,"Medicom SafeTouch Advanced Comfort, Nitrile, L, Blanc",,CAD 34.99,Ventes Produits Non-Divocco,true,,Medicom,0,0,0,0,cm,kg,,,,,true,,goods,2,,,Active,Boite de 300,,Me-1196-D,,,,,,Coût des marchandises vendues - Produits Non-Divocco,,Marchandises en stock,Gants nitrile,Gants,"Medicom SafeTouch Advanced Comfort, Nitrile"
3977868000001197545,2023-07-12 00:21:38,2025-02-15 03:05:59,"Medicom SafeTouch Advanced Comfort, Nitrile, XL, Blanc",,CAD 34.99,Ventes Produits Non-Divocco,true,,Medicom,0,0,0,0,cm,kg,,,,,true,,goods,2,,,Active,Boite de 300,,Me-1196-E,,,,,,Coût des marchandises vendues - Produits Non-Divocco,,Marchandises en stock,Gants nitrile,Gants,"Medicom SafeTouch Advanced Comfort, Nitrile"
3977868000001197613,2023-07-12 00:21:39,2025-07-26 20:51:44,Medicom SafeTouch Classic Nitrile-XS,,CAD 1.00,Ventes Produits Non-Divocco,true,,Medicom,0,0,0,0,cm,kg,,,,,true,,goods,2,,,Active,Boite de 200,,Me-1233-A,,,,,,Coût des marchandises vendues - Produits Non-Divocco,,Marchandises en stock,*Produits d/c en liquidation d'inventaire,,Medicom SafeTouch Classic Nitrile
3977868000001197681,2023-07-12 00:21:39,2025-02-15 03:05:59,"Medicom SafeTouch MicroDefense, nitrile antimicrobien, XS",,CAD 29.99,Ventes Produits Non-Divocco,true,,Medicom,0,0,0,0,cm,kg,,,,,true,,goods,2,,,Active,Boite de 200,,Me-1230-A,,,,,,Coût des marchandises vendues - Produits Non-Divocco,,Marchandises en stock,Gants nitrile,Gants,"Medicom SafeTouch MicroDefense, nitrile antimicrobien"
3977868000001197683,2023-07-12 00:21:39,2025-07-26 20:51:44,"Medicom SafeTouch MicroDefense, nitrile antimicrobien, S",,CAD 29.99,Ventes Produits Non-Divocco,true,,Medicom,0,0,0,0,cm,kg,,,,,true,,goods,2,,,Active,Boite de 200,,Me-1230-B,,,,,,Coût des marchandises vendues - Produits Non-Divocco,,Marchandises en stock,Gants nitrile,Gants,"Medicom SafeTouch MicroDefense, nitrile antimicrobien"
3977868000001197685,2023-07-12 00:21:39,2025-02-15 03:06:00,"Medicom SafeTouch MicroDefense, nitrile antimicrobien, M",,CAD 29.99,Ventes Produits Non-Divocco,true,,Medicom,0,0,0,0,cm,kg,,,,,true,,goods,2,,,Active,Boite de 200,,Me-1230-C,,,,,,Coût des marchandises vendues - Produits Non-Divocco,,Marchandises en stock,Gants nitrile,Gants,"Medicom SafeTouch MicroDefense, nitrile antimicrobien"
3977868000001197687,2023-07-12 00:21:39,2025-02-15 03:06:00,"Medicom SafeTouch MicroDefense, nitrile antimicrobien, L",,CAD 29.99,Ventes Produits Non-Divocco,true,,Medicom,0,0,0,0,cm,kg,,,,,true,,goods,2,,,Active,Boite de 200,,Me-1230-D,,,,,,Coût des marchandises vendues - Produits Non-Divocco,,Marchandises en stock,Gants nitrile,Gants,"Medicom SafeTouch MicroDefense, nitrile antimicrobien"
3977868000001197689,2023-07-12 00:21:39,2025-02-15 03:06:00,"Medicom SafeTouch MicroDefense, nitrile antimicrobien-XL",,CAD 1.00,Ventes Produits Non-Divocco,true,,Medicom,0,0,0,0,cm,kg,,,,,true,,goods,2,,,Active,Boite de 200,,Me-1230-E,,,,,,Coût des marchandises vendues - Produits Non-Divocco,,Marchandises en stock,Gants nitrile,Gants,"Medicom SafeTouch MicroDefense, nitrile antimicrobien"
3977868000001197725,2023-07-12 00:21:39,2025-02-15 03:04:38,"Medicom AssureTouch Ultra Tough Nitrile, S, Noir",,CAD 14.99,Ventes Produits Non-Divocco,true,,Medicom,0,0,0,0,cm,kg,,,,,true,,goods,2,,,Active,Boite de 100,,Me-9950-B,,,,,,Coût des marchandises vendues - Produits Non-Divocco,,Marchandises en stock,Gants nitrile,Gants,Medicom AssureTouch Ultra Tough Nitrile noir
3977868000001197727,2023-07-12 00:21:39,2025-02-15 03:04:39,"Medicom AssureTouch Ultra Tough Nitrile, M, Noir",,CAD 14.99,Ventes Produits Non-Divocco,true,,Medicom,0,0,0,0,cm,kg,,,,,true,,goods,2,,,Active,Boite de 100,,Me-9950-C,,,,,,Coût des marchandises vendues - Produits Non-Divocco,,Marchandises en stock,Gants nitrile,Gants,Medicom AssureTouch Ultra Tough Nitrile noir
3977868000001197729,2023-07-12 00:21:39,2025-02-15 03:04:39,"Medicom AssureTouch Ultra Tough Nitrile, L, Noir",,CAD 14.99,Ventes Produits Non-Divocco,true,,Medicom,0,0,0,0,cm,kg,,,,,true,,goods,2,,,Active,Boite de 100,,Me-9950-D,,,,,,Coût des marchandises vendues - Produits Non-Divocco,,Marchandises en stock,Gants nitrile,Gants,Medicom AssureTouch Ultra Tough Nitrile noir
3977868000001197731,2023-07-12 00:21:39,2025-02-15 03:04:39,"Medicom AssureTouch Ultra Tough Nitrile, XL, Noir",,CAD 14.99,Ventes Produits Non-Divocco,true,,Medicom,0,0,0,0,cm,kg,,,,,true,,goods,2,,,Active,Boite de 100,,Me-9950-E,,,,,,Coût des marchandises vendues - Produits Non-Divocco,,Marchandises en stock,Gants nitrile,Gants,Medicom AssureTouch Ultra Tough Nitrile noir
3977868000001197733,2023-07-12 00:21:39,2025-02-15 03:04:39,"Medicom AssureTouch Ultra Tough Nitrile, XXL, Noir",,CAD 14.99,Ventes Produits Non-Divocco,true,,Medicom,0,0,0,0,cm,kg,,,,,true,,goods,2,,,Active,Boite de 100,,Me-9950-F,,,,,,Coût des marchandises vendues - Produits Non-Divocco,,Marchandises en stock,Gants nitrile,Gants,Medicom AssureTouch Ultra Tough Nitrile noir
3977868000001197769,2023-07-12 00:21:39,2025-02-15 03:06:01,"Medicom AssureTouch Pure Chemo, Nitrile, XS, Indigo",,CAD 17.99,Ventes Produits Non-Divocco,true,,Medicom,0,0,0,0,cm,kg,,,,,true,,goods,2,,,Active,Boite de 200,,Me-9970A,,,,,,Coût des marchandises vendues - Produits Non-Divocco,,Marchandises en stock,Gants nitrile,Gants,"Medicom AssureTouch Pure Chemo, Nitrile, indigo"
3977868000001197771,2023-07-12 00:21:39,2025-02-15 03:06:01,"Medicom AssureTouch Pure Chemo, Nitrile, S, Indigo",,CAD 17.99,Ventes Produits Non-Divocco,true,,Medicom,0,0,0,0,cm,kg,,,,,true,,goods,2,,,Active,Boite de 200,,Me-9970B,,,,,,Coût des marchandises vendues - Produits Non-Divocco,,Marchandises en stock,Gants nitrile,Gants,"Medicom AssureTouch Pure Chemo, Nitrile, indigo"
3977868000001197773,2023-07-12 00:21:39,2025-02-15 03:06:01,"Medicom AssureTouch Pure Chemo, Nitrile, M, Indigo",,CAD 17.99,Ventes Produits Non-Divocco,true,,Medicom,0,0,0,0,cm,kg,,,,,true,,goods,2,,,Active,Boite de 200,,Me-9970C,,,,,,Coût des marchandises vendues - Produits Non-Divocco,,Marchandises en stock,Gants nitrile,Gants,"Medicom AssureTouch Pure Chemo, Nitrile, indigo"
3977868000001197775,2023-07-12 00:21:39,2025-02-15 03:06:01,"Medicom AssureTouch Pure Chemo, Nitrile, L, Indigo",,CAD 17.99,Ventes Produits Non-Divocco,true,,Medicom,0,0,0,0,cm,kg,,,,,true,,goods,2,,,Active,Boite de 200,,Me-9970D,,,,,,Coût des marchandises vendues - Produits Non-Divocco,,Marchandises en stock,Gants nitrile,Gants,"Medicom AssureTouch Pure Chemo, Nitrile, indigo"
3977868000001197777,2023-07-12 00:21:39,2025-02-15 03:06:01,"Medicom AssureTouch Pure Chemo, Nitrile, XL, Indigo",,CAD 17.99,Ventes Produits Non-Divocco,true,,Medicom,0,0,0,0,cm,kg,,,,,true,,goods,2,,,Active,Boite de 200,,Me-9970E,,,,,,Coût des marchandises vendues - Produits Non-Divocco,,Marchandises en stock,Gants nitrile,Gants,"Medicom AssureTouch Pure Chemo, Nitrile, indigo"
3977868000001197813,2023-07-12 00:21:39,2025-07-26 20:51:44,"Medicom AssureTouch Protect, XS, Bleu",,CAD 9.99,Ventes Produits Non-Divocco,true,,Medicom,0,0,0,0,cm,kg,,,,,true,,goods,2,,,Active,Boite de 100,,Me-9990A,,,,,,Coût des marchandises vendues - Produits Non-Divocco,,Marchandises en stock,Gants nitrile,Gants,Medicom AssureTouch Protect
3977868000001197815,2023-07-12 00:21:39,2025-06-18 15:46:46,"Medicom AssureTouch Protect, S, Bleu",,CAD 9.99,Ventes Produits Non-Divocco,true,,Medicom,0,0,0,0,cm,kg,,,,,true,,goods,2,,,Active,Boite de 100,,Me-9990B,,,,,,Coût des marchandises vendues - Produits Non-Divocco,,Marchandises en stock,Gants nitrile,Gants,Medicom AssureTouch Protect
3977868000001197817,2023-07-12 00:21:39,2025-06-18 15:46:47,"Medicom AssureTouch Protect, M, Bleu",,CAD 9.99,Ventes Produits Non-Divocco,true,,Medicom,0,0,0,0,cm,kg,,,,,true,,goods,2,,,Active,Boite de 100,,Me-9990C,,,,,,Coût des marchandises vendues - Produits Non-Divocco,,Marchandises en stock,Gants nitrile,Gants,Medicom AssureTouch Protect
3977868000001197819,2023-07-12 00:21:39,2025-06-18 15:46:47,"Medicom AssureTouch Protect, L, Bleu",,CAD 9.99,Ventes Produits Non-Divocco,true,,Medicom,0,0,0,0,cm,kg,,,,,true,,goods,2,,,Active,Boite de 100,,Me-9990D,,,,,,Coût des marchandises vendues - Produits Non-Divocco,,Marchandises en stock,Gants nitrile,Gants,Medicom AssureTouch Protect
3977868000001197821,2023-07-12 00:21:39,2025-02-15 03:06:02,"Medicom AssureTouch Protect, XL, Bleu",,CAD 9.99,Ventes Produits Non-Divocco,true,,Medicom,0,0,0,0,cm,kg,,,,,true,,goods,2,,,Active,Boite de 100,,Me-9990E,,,,,,Coût des marchandises vendues - Produits Non-Divocco,,Marchandises en stock,Gants nitrile,Gants,Medicom AssureTouch Protect
3977868000001197881,2023-07-12 00:21:40,2025-06-23 09:05:52,"Medicom AssureTouch Agile, XS, Indigo",,CAD 13.49,Ventes Produits Non-Divocco,true,,Medicom,0,0,0,0,cm,kg,,,,,true,,goods,2,,,Active,Boite de 100,,Me-9998A,,,,,,Coût des marchandises vendues - Produits Non-Divocco,,Marchandises en stock,Gants nitrile,Gants,Medicom AssureTouch Agile
3977868000001197883,2023-07-12 00:21:40,2025-02-15 03:06:02,"Medicom AssureTouch Agile, S, Indigo",,CAD 13.49,Ventes Produits Non-Divocco,true,,Medicom,0,0,0,0,cm,kg,,,,,true,,goods,2,,,Active,Boite de 100,,Me-9998B,,,,,,Coût des marchandises vendues - Produits Non-Divocco,,Marchandises en stock,Gants nitrile,Gants,Medicom AssureTouch Agile
3977868000001197885,2023-07-12 00:21:40,2025-02-15 03:06:03,"Medicom AssureTouch Agile, M, Indigo",,CAD 13.49,Ventes Produits Non-Divocco,true,,Medicom,0,0,0,0,cm,kg,,,,,true,,goods,2,,,Active,Boite de 100,,Me-9998C,,,,,,Coût des marchandises vendues - Produits Non-Divocco,,Marchandises en stock,Gants nitrile,Gants,Medicom AssureTouch Agile
3977868000001197887,2023-07-12 00:21:40,2025-02-15 03:06:03,"Medicom AssureTouch Agile, L, Indigo",,CAD 13.49,Ventes Produits Non-Divocco,true,,Medicom,0,0,0,0,cm,kg,,,,,true,,goods,2,,,Active,Boite de 100,,Me-9998D,,,,,,Coût des marchandises vendues - Produits Non-Divocco,,Marchandises en stock,Gants nitrile,Gants,Medicom AssureTouch Agile
3977868000001197889,2023-07-12 00:21:40,2025-02-15 03:06:03,"Medicom AssureTouch Agile, XL, Indigo",,CAD 13.49,Ventes Produits Non-Divocco,true,,Medicom,0,0,0,0,cm,kg,,,,,true,,goods,2,,,Active,Boite de 100,,Me-9998E,,,,,,Coût des marchandises vendues - Produits Non-Divocco,,Marchandises en stock,Gants nitrile,Gants,Medicom AssureTouch Agile
3977868000001197925,2023-07-12 00:21:40,2025-02-15 03:06:03,"Medicom AssureTouch Power (poignet allongé), XS, Bleu",,CAD 17.49,Ventes Produits Non-Divocco,true,,Medicom,0,0,0,0,cm,kg,,,,,true,,goods,2,,,Active,Boite de 100,,Me-9999A,,,,,,Coût des marchandises vendues - Produits Non-Divocco,,Marchandises en stock,Gants nitrile,Gants,Medicom AssureTouch Power (poignet allongé)
3977868000001197927,2023-07-12 00:21:40,2025-02-15 03:06:03,"Medicom AssureTouch Power (poignet allongé), S, Bleu",,CAD 17.49,Ventes Produits Non-Divocco,true,,Medicom,0,0,0,0,cm,kg,,,,,true,,goods,2,,,Active,Boite de 100,,Me-9999B,,,,,,Coût des marchandises vendues - Produits Non-Divocco,,Marchandises en stock,Gants nitrile,Gants,Medicom AssureTouch Power (poignet allongé)
3977868000001197929,2023-07-12 00:21:40,2025-02-15 03:06:04,"Medicom AssureTouch Power (poignet allongé), M, Bleu",,CAD 17.49,Ventes Produits Non-Divocco,true,,Medicom,0,0,0,0,cm,kg,,,,,true,,goods,2,,,Active,Boite de 100,,Me-9999C,,,,,,Coût des marchandises vendues - Produits Non-Divocco,,Marchandises en stock,Gants nitrile,Gants,Medicom AssureTouch Power (poignet allongé)
3977868000001197931,2023-07-12 00:21:40,2025-02-15 03:06:04,"Medicom AssureTouch Power (poignet allongé), L, Bleu",,CAD 17.49,Ventes Produits Non-Divocco,true,,Medicom,0,0,0,0,cm,kg,,,,,true,,goods,2,,,Active,Boite de 100,,Me-9999D,,,,,,Coût des marchandises vendues - Produits Non-Divocco,,Marchandises en stock,Gants nitrile,Gants,Medicom AssureTouch Power (poignet allongé)
3977868000001197933,2023-07-12 00:21:40,2025-02-15 03:06:04,"Medicom AssureTouch Power (poignet allongé), XL, Bleu",,CAD 17.49,Ventes Produits Non-Divocco,true,,Medicom,0,0,0,0,cm,kg,,,,,true,,goods,2,,,Active,Boite de 100,,Me-9999E,,,,,,Coût des marchandises vendues - Produits Non-Divocco,,Marchandises en stock,Gants nitrile,Gants,Medicom AssureTouch Power (poignet allongé)
3977868000001197969,2023-07-12 00:21:40,2025-02-15 03:04:39,"Medicom AssureTouch Basics bleu nitrile, XS, Bleu",,CAD 9.49,Ventes Produits Non-Divocco,true,,Medicom,0,0,0,0,cm,kg,,,,,true,,goods,2,,,Active,Boite de 100,,Me-9985-A,,,,,,Coût des marchandises vendues - Produits Non-Divocco,,Marchandises en stock,Gants nitrile,Gants,Medicom AssureTouch Basics bleu nitrile
3977868000001197971,2023-07-12 00:21:40,2025-02-15 03:04:39,"Medicom AssureTouch Basics bleu nitrile, S, Bleu",,CAD 9.49,Ventes Produits Non-Divocco,true,,Medicom,0,0,0,0,cm,kg,,,,,true,,goods,2,,,Active,Boite de 100,,Me-9985-B,,,,,,Coût des marchandises vendues - Produits Non-Divocco,,Marchandises en stock,Gants nitrile,Gants,Medicom AssureTouch Basics bleu nitrile
3977868000001197973,2023-07-12 00:21:40,2025-02-15 03:04:40,"Medicom AssureTouch Basics bleu nitrile, M, Bleu",,CAD 9.49,Ventes Produits Non-Divocco,true,,Medicom,0,0,0,0,cm,kg,,,,,true,,goods,2,,,Active,Boite de 100,,Me-9985-C,,,,,,Coût des marchandises vendues - Produits Non-Divocco,,Marchandises en stock,Gants nitrile,Gants,Medicom AssureTouch Basics bleu nitrile
3977868000001197975,2023-07-12 00:21:40,2025-02-15 03:04:40,"Medicom AssureTouch Basics bleu nitrile, L, Bleu",,CAD 9.49,Ventes Produits Non-Divocco,true,,Medicom,0,0,0,0,cm,kg,,,,,true,,goods,2,,,Active,Boite de 100,,Me-9985-D,,,,,,Coût des marchandises vendues - Produits Non-Divocco,,Marchandises en stock,Gants nitrile,Gants,Medicom AssureTouch Basics bleu nitrile
3977868000001197977,2023-07-12 00:21:40,2025-02-15 03:06:04,"Medicom AssureTouch Basics bleu nitrile, XL, Bleu",,CAD 9.49,Ventes Produits Non-Divocco,true,,Medicom,0,0,0,0,cm,kg,,,,,true,,goods,2,,,Active,Boite de 100,,Me-9985-E,,,,,,Coût des marchandises vendues - Produits Non-Divocco,,Marchandises en stock,Gants nitrile,Gants,Medicom AssureTouch Basics bleu nitrile
3977868000001198013,2023-07-12 00:21:40,2025-02-15 03:06:04,"Gant Intuition Nitrile, XS, Mauve",,CAD 25.99,Ventes Produits Non-Divocco,true,,Medicom,0,0,0,0,cm,kg,,,,,true,,goods,2,,,Active,Boite de 200,,Me-OPXS-IN,,,,,,Coût des marchandises vendues - Produits Non-Divocco,,Marchandises en stock,Gants nitrile,Gants,Gant Intuition Nitrile
3977868000001198015,2023-07-12 00:21:40,2025-04-08 10:34:01,"Gant Intuition Nitrile, S, Mauve",,CAD 25.99,Ventes Produits Non-Divocco,true,,Medicom,0,0,0,0,cm,kg,,,,,true,,goods,2,,,Active,Boite de 200,,Me-OPS-IN,,,,,,Coût des marchandises vendues - Produits Non-Divocco,,Marchandises en stock,Gants nitrile,Gants,Gant Intuition Nitrile
3977868000001198017,2023-07-12 00:21:40,2025-04-08 10:34:01,"Gant Intuition Nitrile, M, Mauve",,CAD 25.99,Ventes Produits Non-Divocco,true,,Medicom,0,0,0,0,cm,kg,,,,,true,,goods,2,,,Active,Boite de 200,,Me-OPM-IN,,,,,,Coût des marchandises vendues - Produits Non-Divocco,,Marchandises en stock,Gants nitrile,Gants,Gant Intuition Nitrile
3977868000001198019,2023-07-12 00:21:40,2025-04-08 10:34:01,"Gant Intuition Nitrile, L, Mauve",,CAD 25.99,Ventes Produits Non-Divocco,true,,Medicom,0,0,0,0,cm,kg,,,,,true,,goods,2,,,Active,Boite de 200,,Me-OPL-IN,,,,,,Coût des marchandises vendues - Produits Non-Divocco,,Marchandises en stock,Gants nitrile,Gants,Gant Intuition Nitrile
3977868000001198021,2023-07-12 00:21:40,2025-02-15 03:06:05,"Gant Intuition Nitrile, XL, Mauve",,CAD 25.99,Ventes Produits Non-Divocco,true,,Medicom,0,0,0,0,cm,kg,,,,,true,,goods,2,,,Active,Boite de 200,,Me-OPXL-IN,,,,,,Coût des marchandises vendues - Produits Non-Divocco,,Marchandises en stock,Gants nitrile,Gants,Gant Intuition Nitrile
3977868000001198057,2023-07-12 00:21:40,2025-02-15 03:06:05,"Gant Lab Master, Nitrile, Mauve, XS, Mauve",,CAD 30.99,Ventes Produits Non-Divocco,true,,Medicom,0,0,0,0,cm,kg,,,,,true,,goods,2,,,Active,Boite de 200,,Me-OPXS-LM2,,,,,,Coût des marchandises vendues - Produits Non-Divocco,,Marchandises en stock,Gants nitrile,Gants,"Gant Lab Master, Nitrile, Mauve"
3977868000001198059,2023-07-12 00:21:40,2025-02-15 03:06:05,"Gant Lab Master, Nitrile, Mauve, S, Mauve",,CAD 30.99,Ventes Produits Non-Divocco,true,,Medicom,0,0,0,0,cm,kg,,,,,true,,goods,2,,,Active,Boite de 200,,Me-OPS-LM2,,,,,,Coût des marchandises vendues - Produits Non-Divocco,,Marchandises en stock,Gants nitrile,Gants,"Gant Lab Master, Nitrile, Mauve"
3977868000001198061,2023-07-12 00:21:40,2025-02-15 03:06:06,"Gant Lab Master, Nitrile, Mauve, M, Mauve",,CAD 30.99,Ventes Produits Non-Divocco,true,,Medicom,0,0,0,0,cm,kg,,,,,true,,goods,2,,,Active,Boite de 200,,Me-OPM-LM2,,,,,,Coût des marchandises vendues - Produits Non-Divocco,,Marchandises en stock,Gants nitrile,Gants,"Gant Lab Master, Nitrile, Mauve"
3977868000001198063,2023-07-12 00:21:40,2025-02-15 03:06:06,"Gant Lab Master, Nitrile, Mauve, L, Mauve",,CAD 30.99,Ventes Produits Non-Divocco,true,,Medicom,0,0,0,0,cm,kg,,,,,true,,goods,2,,,Active,Boite de 200,,Me-OPL-LM2,,,,,,Coût des marchandises vendues - Produits Non-Divocco,,Marchandises en stock,Gants nitrile,Gants,"Gant Lab Master, Nitrile, Mauve"
3977868000001198065,2023-07-12 00:21:40,2025-02-15 03:06:06,"Gant Lab Master, Nitrile, Mauve, XL, Mauve",,CAD 30.99,Ventes Produits Non-Divocco,true,,Medicom,0,0,0,0,cm,kg,,,,,true,,goods,2,,,Active,Boite de 200,,Me-OPXL-LM2,,,,,,Coût des marchandises vendues - Produits Non-Divocco,,Marchandises en stock,Gants nitrile,Gants,"Gant Lab Master, Nitrile, Mauve"
3977868000001198101,2023-07-12 00:21:41,2025-02-15 03:06:06,"Gant Lite, Nitrile, XS, Bleu",,CAD 25.99,Ventes Produits Non-Divocco,true,,Medicom,0,0,0,0,cm,kg,,,,,true,,goods,2,,,Active,Boite de 200,,Me-OPXS-BL2,,,,,,Coût des marchandises vendues - Produits Non-Divocco,,Marchandises en stock,Gants nitrile,Gants,"Gant Lite, Nitrile"
3977868000001198103,2023-07-12 00:21:41,2025-02-15 03:06:06,"Gant Lite, Nitrile, S, Bleu",,CAD 25.99,Ventes Produits Non-Divocco,true,,Medicom,0,0,0,0,cm,kg,,,,,true,,goods,2,,,Active,Boite de 200,,Me-OPS-BL2,,,,,,Coût des marchandises vendues - Produits Non-Divocco,,Marchandises en stock,Gants nitrile,Gants,"Gant Lite, Nitrile"
3977868000001198105,2023-07-12 00:21:41,2025-02-15 03:06:07,"Gant Lite, Nitrile, M, Bleu",,CAD 25.99,Ventes Produits Non-Divocco,true,,Medicom,0,0,0,0,cm,kg,,,,,true,,goods,2,,,Active,Boite de 200,,Me-OPM-BL2,,,,,,Coût des marchandises vendues - Produits Non-Divocco,,Marchandises en stock,Gants nitrile,Gants,"Gant Lite, Nitrile"
3977868000001198107,2023-07-12 00:21:41,2025-02-15 03:06:07,"Gant Lite, Nitrile, L, Bleu",,CAD 25.99,Ventes Produits Non-Divocco,true,,Medicom,0,0,0,0,cm,kg,,,,,true,,goods,2,,,Active,Boite de 200,,Me-OPL-BL2,,,,,,Coût des marchandises vendues - Produits Non-Divocco,,Marchandises en stock,Gants nitrile,Gants,"Gant Lite, Nitrile"
3977868000001198109,2023-07-12 00:21:41,2025-02-15 03:06:07,"Gant Lite, Nitrile, XL, Bleu",,CAD 25.99,Ventes Produits Non-Divocco,true,,Medicom,0,0,0,0,cm,kg,,,,,true,,goods,2,,,Active,Boite de 200,,Me-OPXL-BL2,,,,,,Coût des marchandises vendues - Produits Non-Divocco,,Marchandises en stock,Gants nitrile,Gants,"Gant Lite, Nitrile"
3977868000001198145,2023-07-12 00:21:41,2025-07-26 20:51:44,"Gants Eclipse Nitrile, XS, Cobalt",,CAD 25.99,Ventes Produits Non-Divocco,true,,Medicom,0,0,0,0,cm,kg,,,,,true,,goods,2,,,Active,Boite de 200,,Me-OPXS-EC,,,,,,Coût des marchandises vendues - Produits Non-Divocco,,Marchandises en stock,Gants nitrile,Gants,"Gants Eclipse Nitrile, Bleu foncé"
3977868000001198147,2023-07-12 00:21:41,2025-07-26 20:51:44,"Gants Eclipse Nitrile, S, Cobalt",,CAD 25.99,Ventes Produits Non-Divocco,true,,Medicom,0,0,0,0,cm,kg,,,,,true,,goods,2,,,Active,Boite de 200,,Me-OPS-EC,,,,,,Coût des marchandises vendues - Produits Non-Divocco,,Marchandises en stock,Gants nitrile,Gants,"Gants Eclipse Nitrile, Bleu foncé"
3977868000001198149,2023-07-12 00:21:41,2025-07-26 20:51:44,"Gants Eclipse Nitrile, M, Cobalt",,CAD 25.99,Ventes Produits Non-Divocco,true,,Medicom,0,0,0,0,cm,kg,,,,,true,,goods,2,,,Active,Boite de 200,,Me-OPM-EC,,,,,,Coût des marchandises vendues - Produits Non-Divocco,,Marchandises en stock,Gants nitrile,Gants,"Gants Eclipse Nitrile, Bleu foncé"
3977868000001198151,2023-07-12 00:21:41,2025-02-15 03:06:08,"Gants Eclipse Nitrile, L, Cobalt",,CAD 25.99,Ventes Produits Non-Divocco,true,,Medicom,0,0,0,0,cm,kg,,,,,true,,goods,2,,,Active,Boite de 200,,Me-OPL-EC,,,,,,Coût des marchandises vendues - Produits Non-Divocco,,Marchandises en stock,Gants nitrile,Gants,"Gants Eclipse Nitrile, Bleu foncé"
3977868000001198153,2023-07-12 00:21:41,2025-02-15 03:06:08,"Gants Eclipse Nitrile, XL, Cobalt",,CAD 25.99,Ventes Produits Non-Divocco,true,,Medicom,0,0,0,0,cm,kg,,,,,true,,goods,2,,,Active,Boite de 200,,Me-OPXL-EC,,,,,,Coût des marchandises vendues - Produits Non-Divocco,,Marchandises en stock,Gants nitrile,Gants,"Gants Eclipse Nitrile, Bleu foncé"
3977868000001198217,2023-07-12 00:21:41,2025-02-15 03:06:08,"Gants Ninja, Nitrile, S, Noir",,CAD 26.99,Ventes Produits Non-Divocco,true,,Medicom,0,0,0,0,cm,kg,,,,,true,,goods,2,,,Active,Boite de 200,,Me-OPS-NI,,,,,,Coût des marchandises vendues - Produits Non-Divocco,,Marchandises en stock,Gants nitrile,Gants,"Gants Ninja, Nitrile noir"
3977868000001198219,2023-07-12 00:21:41,2025-02-15 03:06:08,"Gants Ninja, Nitrile, M, Noir",,CAD 26.99,Ventes Produits Non-Divocco,true,,Medicom,0,0,0,0,cm,kg,,,,,true,,goods,2,,,Active,Boite de 200,,Me-OPM-NI,,,,,,Coût des marchandises vendues - Produits Non-Divocco,,Marchandises en stock,Gants nitrile,Gants,"Gants Ninja, Nitrile noir"
3977868000001198221,2023-07-12 00:21:41,2025-02-15 03:06:08,"Gants Ninja, Nitrile, L, Noir",,CAD 26.99,Ventes Produits Non-Divocco,true,,Medicom,0,0,0,0,cm,kg,,,,,true,,goods,2,,,Active,Boite de 200,,Me-OPL-NI,,,,,,Coût des marchandises vendues - Produits Non-Divocco,,Marchandises en stock,Gants nitrile,Gants,"Gants Ninja, Nitrile noir"
3977868000001198223,2023-07-12 00:21:41,2025-02-15 03:06:09,"Gants Ninja, Nitrile, XL, Noir",,CAD 26.99,Ventes Produits Non-Divocco,true,,Medicom,0,0,0,0,cm,kg,,,,,true,,goods,2,,,Active,Boite de 200,,Me-OPXL-NI,,,,,,Coût des marchandises vendues - Produits Non-Divocco,,Marchandises en stock,Gants nitrile,Gants,"Gants Ninja, Nitrile noir"
3977868000001198253,2023-07-12 00:21:41,2025-07-26 20:51:44,"Medicom SafeTouch Rejuvenate en latex, XS, Transparent",,CAD 17.99,Ventes Produits Non-Divocco,true,,Medicom,0,0,0,0,cm,kg,,,,,true,,goods,2,,,Active,Boite de 100,,Me-1163-A,,,,,,Coût des marchandises vendues - Produits Non-Divocco,,Marchandises en stock,Gants latex,Gants,Medicom SafeTouch Rejuvenate en latex
3977868000001198255,2023-07-12 00:21:41,2025-07-26 20:51:44,"Medicom SafeTouch Rejuvenate en latex, S, Transparent",,CAD 17.99,Ventes Produits Non-Divocco,true,,Medicom,0,0,0,0,cm,kg,,,,,true,,goods,2,,,Active,Boite de 100,,Me-1163-B,,,,,,Coût des marchandises vendues - Produits Non-Divocco,,Marchandises en stock,Gants latex,Gants,Medicom SafeTouch Rejuvenate en latex
3977868000001198257,2023-07-12 00:21:41,2025-07-26 20:51:44,"Medicom SafeTouch Rejuvenate en latex, M, Transparent",,CAD 17.99,Ventes Produits Non-Divocco,true,,Medicom,0,0,0,0,cm,kg,,,,,true,,goods,2,,,Active,Boite de 100,,Me-1163-C,,,,,,Coût des marchandises vendues - Produits Non-Divocco,,Marchandises en stock,Gants latex,Gants,Medicom SafeTouch Rejuvenate en latex
3977868000001198259,2023-07-12 00:21:41,2025-02-10 03:24:48,"Medicom SafeTouch Rejuvenate en latex, L, Transparent",,CAD 17.99,Ventes Produits Non-Divocco,true,,Medicom,0,0,0,0,cm,kg,,,,,true,,goods,2,,,Active,Boite de 100,,Me-1163-D,,,,,,Coût des marchandises vendues - Produits Non-Divocco,,Marchandises en stock,Gants latex,Gants,Medicom SafeTouch Rejuvenate en latex
3977868000001198261,2023-07-12 00:21:41,2025-02-10 03:24:49,"Medicom SafeTouch Rejuvenate en latex, XL, Transparent",,CAD 17.99,Ventes Produits Non-Divocco,true,,Medicom,0,0,0,0,cm,kg,,,,,true,,goods,2,,,Active,Boite de 100,,Me-1163-E,,,,,,Coût des marchandises vendues - Produits Non-Divocco,,Marchandises en stock,Gants latex,Gants,Medicom SafeTouch Rejuvenate en latex
3977868000001198321,2023-07-12 00:21:41,2025-07-26 20:51:44,"Medicom AssureTouch Respond en latex, XS, Transparent",,CAD 13.99,Ventes Produits Non-Divocco,true,,Medicom,0,0,0,0,cm,kg,,,,,true,,goods,2,,,Active,Boite de 100,,Me-9992A,,,,,,Coût des marchandises vendues - Produits Non-Divocco,,Marchandises en stock,Gants latex,Gants,Medicom AssureTouch Respond en latex
3977868000001198323,2023-07-12 00:21:41,2025-02-15 03:06:09,"Medicom AssureTouch Respond en latex, S,",,CAD 13.99,Ventes Produits Non-Divocco,true,,Medicom,0,0,0,0,cm,kg,,,,,true,,goods,2,,,Active,Boite de 100,,Me-9992B,,,,,,Coût des marchandises vendues - Produits Non-Divocco,,Marchandises en stock,Gants latex,Gants,Medicom AssureTouch Respond en latex
3977868000001198325,2023-07-12 00:21:41,2025-02-15 03:06:09,"Medicom AssureTouch Respond en latex, M, Transparent",,CAD 13.99,Ventes Produits Non-Divocco,true,,Medicom,0,0,0,0,cm,kg,,,,,true,,goods,2,,,Active,Boite de 100,,Me-9992C,,,,,,Coût des marchandises vendues - Produits Non-Divocco,,Marchandises en stock,Gants latex,Gants,Medicom AssureTouch Respond en latex
3977868000001198327,2023-07-12 00:21:41,2025-02-15 03:06:09,"Medicom AssureTouch Respond en latex, L, Transparent",,CAD 13.99,Ventes Produits Non-Divocco,true,,Medicom,0,0,0,0,cm,kg,,,,,true,,goods,2,,,Active,Boite de 100,,Me-9992D,,,,,,Coût des marchandises vendues - Produits Non-Divocco,,Marchandises en stock,Gants latex,Gants,Medicom AssureTouch Respond en latex
3977868000001198329,2023-07-12 00:21:41,2025-02-15 03:06:09,"Medicom AssureTouch Respond en latex, XL, Transparent",,CAD 13.99,Ventes Produits Non-Divocco,true,,Medicom,0,0,0,0,cm,kg,,,,,true,,goods,2,,,Active,Boite de 100,,Me-9992E,,,,,,Coût des marchandises vendues - Produits Non-Divocco,,Marchandises en stock,Gants latex,Gants,Medicom AssureTouch Respond en latex
3977868000001198393,2023-07-12 00:21:42,2025-07-26 20:51:44,"Medicom SafeTouch, Latex-XS",,CAD 1.00,Ventes Produits Non-Divocco,true,,Medicom,0,0,0,0,cm,kg,,,,,true,,goods,2,,,Active,Boite de 100,,Me-1124-A,,,,,,Coût des marchandises vendues - Produits Non-Divocco,,Marchandises en stock,*Produits d/c en liquidation d'inventaire,,"Medicom SafeTouch, Latex"
3977868000001198397,2023-07-12 00:21:42,2025-07-26 20:51:44,"Medicom SafeTouch, Latex-M",,CAD 1.00,Ventes Produits Non-Divocco,true,,Medicom,0,0,0,0,cm,kg,,,,,true,,goods,2,,,Active,Boite de 100,,Me-1124-C,,,,,,Coût des marchandises vendues - Produits Non-Divocco,,Marchandises en stock,*Produits d/c en liquidation d'inventaire,,"Medicom SafeTouch, Latex"
3977868000001198465,2023-07-12 00:21:42,2025-02-15 03:06:10,"Medicom SafeTouch EverStrong, Vinyle, S, Transparent",,CAD 7.99,Ventes Produits Non-Divocco,true,,Medicom,0,0,0,0,cm,kg,,,,,true,,goods,2,,,Active,Boite de 100,,Me-1129-A,,,,,,Coût des marchandises vendues - Produits Non-Divocco,,Marchandises en stock,Gants vinyle et hybride,Gants,"Medicom SafeTouch EverStrong, Vinyle"
3977868000001198467,2023-07-12 00:21:42,2025-02-15 03:06:10,"Medicom SafeTouch EverStrong, Vinyle, M, Transparent",,CAD 7.99,Ventes Produits Non-Divocco,true,,Medicom,0,0,0,0,cm,kg,,,,,true,,goods,2,,,Active,Boite de 100,,Me-1129-B,,,,,,Coût des marchandises vendues - Produits Non-Divocco,,Marchandises en stock,Gants vinyle et hybride,Gants,"Medicom SafeTouch EverStrong, Vinyle"
3977868000001198469,2023-07-12 00:21:42,2025-02-15 03:06:10,"Medicom SafeTouch EverStrong, Vinyle, L, Transparent",,CAD 7.99,Ventes Produits Non-Divocco,true,,Medicom,0,0,0,0,cm,kg,,,,,true,,goods,2,,,Active,Boite de 100,,Me-1129-C,,,,,,Coût des marchandises vendues - Produits Non-Divocco,,Marchandises en stock,Gants vinyle et hybride,Gants,"Medicom SafeTouch EverStrong, Vinyle"
3977868000001198471,2023-07-12 00:21:42,2025-02-15 03:06:10,"Medicom SafeTouch EverStrong, Vinyle, XL, Transparent",,CAD 7.99,Ventes Produits Non-Divocco,true,,Medicom,0,0,0,0,cm,kg,,,,,true,,goods,2,,,Active,Boite de 100,,Me-1129-D,,,,,,Coût des marchandises vendues - Produits Non-Divocco,,Marchandises en stock,Gants vinyle et hybride,Gants,"Medicom SafeTouch EverStrong, Vinyle"
3977868000001198501,2023-07-12 00:21:42,2025-02-15 03:05:27,"Medicom AssureTouch Respond, Vinyle, S, Transparent",,CAD 6.99,Ventes Produits Non-Divocco,true,,Medicom,0,0,0,0,cm,kg,,,,,true,,goods,2,,,Active,Boite de 100,,Me-9994A,,,,,,Coût des marchandises vendues - Produits Non-Divocco,,Marchandises en stock,Gants vinyle et hybride,Gants,"Medicom AssureTouch Respond, Vinyle"
3977868000001198503,2023-07-12 00:21:42,2025-02-15 03:05:27,"Medicom AssureTouch Respond, Vinyle, M, Transparent",,CAD 6.99,Ventes Produits Non-Divocco,true,,Medicom,0,0,0,0,cm,kg,,,,,true,,goods,2,,,Active,Boite de 100,,Me-9994B,,,,,,Coût des marchandises vendues - Produits Non-Divocco,,Marchandises en stock,Gants vinyle et hybride,Gants,"Medicom AssureTouch Respond, Vinyle"
3977868000001198505,2023-07-12 00:21:42,2025-02-15 03:05:27,"Medicom AssureTouch Respond, Vinyle, L, Transparent",,CAD 6.99,Ventes Produits Non-Divocco,true,,Medicom,0,0,0,0,cm,kg,,,,,true,,goods,2,,,Active,Boite de 100,,Me-9994C,,,,,,Coût des marchandises vendues - Produits Non-Divocco,,Marchandises en stock,Gants vinyle et hybride,Gants,"Medicom AssureTouch Respond, Vinyle"
3977868000001198507,2023-07-12 00:21:42,2025-02-15 03:05:28,"Medicom AssureTouch Respond, Vinyle, XL, Transparent",,CAD 6.99,Ventes Produits Non-Divocco,true,,Medicom,0,0,0,0,cm,kg,,,,,true,,goods,2,,,Active,Boite de 100,,Me-9994D,,,,,,Coût des marchandises vendues - Produits Non-Divocco,,Marchandises en stock,Gants vinyle et hybride,Gants,"Medicom AssureTouch Respond, Vinyle"
3977868000001198539,2023-07-12 00:21:42,2024-12-09 03:04:35,"Octo Gant en copolymère, S, Bleu",,CAD 5.99,Ventes Produits Non-Divocco,true,,Medicom,0,0,0,0,cm,kg,,,,,true,,goods,2,,,Active,Boite de 100,,Me-9925-B,,,,,,Coût des marchandises vendues - Produits Non-Divocco,,Marchandises en stock,Gants à tout usage,Gants,Octo Gant en copolymère
3977868000001198541,2023-07-12 00:21:42,2024-12-09 03:04:35,"Octo Gant en copolymère, M, Bleu",,CAD 5.99,Ventes Produits Non-Divocco,true,,Medicom,0,0,0,0,cm,kg,,,,,true,,goods,2,,,Active,Boite de 100,,Me-9925-C,,,,,,Coût des marchandises vendues - Produits Non-Divocco,,Marchandises en stock,Gants à tout usage,Gants,Octo Gant en copolymère
3977868000001198543,2023-07-12 00:21:42,2024-12-09 03:04:35,"Octo Gant en copolymère, L, Bleu",,CAD 5.99,Ventes Produits Non-Divocco,true,,Medicom,0,0,0,0,cm,kg,,,,,true,,goods,2,,,Active,Boite de 100,,Me-9925-D,,,,,,Coût des marchandises vendues - Produits Non-Divocco,,Marchandises en stock,Gants à tout usage,Gants,Octo Gant en copolymère
3977868000001198545,2023-07-12 00:21:42,2024-12-09 03:04:35,"Octo Gant en copolymère, XL, Bleu",,CAD 5.99,Ventes Produits Non-Divocco,true,,Medicom,0,0,0,0,cm,kg,,,,,true,,goods,2,,,Active,Boite de 100,,Me-9925-E,,,,,,Coût des marchandises vendues - Produits Non-Divocco,,Marchandises en stock,Gants à tout usage,Gants,Octo Gant en copolymère
3977868000001198547,2023-07-12 00:21:42,2024-12-09 03:04:36,"Octo Gant en copolymère, XXL, Bleu",,CAD 5.99,Ventes Produits Non-Divocco,true,,Medicom,0,0,0,0,cm,kg,,,,,true,,goods,2,,,Active,Boite de 100,,Me-9925-F,,,,,,Coût des marchandises vendues - Produits Non-Divocco,,Marchandises en stock,Gants à tout usage,Gants,Octo Gant en copolymère
3977868000001198549,2023-07-12 00:21:42,2024-12-09 03:04:36,"Octo Gant en copolymère, S, Transparent",,CAD 5.79,Ventes Produits Non-Divocco,true,,Medicom,0,0,0,0,cm,kg,,,,,true,,goods,2,,,Active,Boite de 100,,Me-9935-B,,,,,,Coût des marchandises vendues - Produits Non-Divocco,,Marchandises en stock,Gants à tout usage,Gants,Octo Gant en copolymère
3977868000001198551,2023-07-12 00:21:42,2024-12-09 03:04:36,"Octo Gant en copolymère, M, Transparent",,CAD 5.79,Ventes Produits Non-Divocco,true,,Medicom,0,0,0,0,cm,kg,,,,,true,,goods,2,,,Active,Boite de 100,,Me-9935-C,,,,,,Coût des marchandises vendues - Produits Non-Divocco,,Marchandises en stock,Gants à tout usage,Gants,Octo Gant en copolymère
3977868000001198553,2023-07-12 00:21:42,2024-12-09 03:04:36,"Octo Gant en copolymère, L, Transparent",,CAD 5.79,Ventes Produits Non-Divocco,true,,Medicom,0,0,0,0,cm,kg,,,,,true,,goods,2,,,Active,Boite de 100,,Me-9935-D,,,,,,Coût des marchandises vendues - Produits Non-Divocco,,Marchandises en stock,Gants à tout usage,Gants,Octo Gant en copolymère
3977868000001198555,2023-07-12 00:21:42,2024-12-09 03:04:37,"Octo Gant en copolymère, XL, Transparent",,CAD 5.79,Ventes Produits Non-Divocco,true,,Medicom,0,0,0,0,cm,kg,,,,,true,,goods,2,,,Active,Boite de 100,,Me-9935-E,,,,,,Coût des marchandises vendues - Produits Non-Divocco,,Marchandises en stock,Gants à tout usage,Gants,Octo Gant en copolymère
3977868000001198557,2023-07-12 00:21:42,2024-12-09 03:04:37,"Octo Gant en copolymère, XXL, Transparent",,CAD 5.79,Ventes Produits Non-Divocco,true,,Medicom,0,0,0,0,cm,kg,,,,,true,,goods,2,,,Active,Boite de 100,,Me-9935-F,,,,,,Coût des marchandises vendues - Produits Non-Divocco,,Marchandises en stock,Gants à tout usage,Gants,Octo Gant en copolymère
3977868000001198623,2023-07-12 00:21:43,2025-02-15 03:05:28,"Gants en polyéthylène transparent, S, Transparent",,CAD 9.99,Ventes Produits Non-Divocco,true,,Medicom,0,0,0,0,cm,kg,,,,,true,,goods,2,,,Active,Boite de 500,,Me-9945-B,,,,,,Coût des marchandises vendues - Produits Non-Divocco,,Marchandises en stock,Gants à tout usage,Gants,Gants en polyéthylène transparent
3977868000001198625,2023-07-12 00:21:43,2025-02-15 03:05:28,"Gants en polyéthylène transparent, M, Transparent",,CAD 9.99,Ventes Produits Non-Divocco,true,,Medicom,0,0,0,0,cm,kg,,,,,true,,goods,2,,,Active,Boite de 501,,Me-9945-C,,,,,,Coût des marchandises vendues - Produits Non-Divocco,,Marchandises en stock,Gants à tout usage,Gants,Gants en polyéthylène transparent
3977868000001198627,2023-07-12 00:21:43,2025-02-15 03:05:28,"Gants en polyéthylène transparent, L, Transparent",,CAD 9.99,Ventes Produits Non-Divocco,true,,Medicom,0,0,0,0,cm,kg,,,,,true,,goods,2,,,Active,Boite de 502,,Me-9945-D,,,,,,Coût des marchandises vendues - Produits Non-Divocco,,Marchandises en stock,Gants à tout usage,Gants,Gants en polyéthylène transparent
3977868000001198629,2023-07-12 00:21:43,2025-02-15 03:05:28,"Gants en polyéthylène transparent, XL, Transparent",,CAD 9.99,Ventes Produits Non-Divocco,true,,Medicom,0,0,0,0,cm,kg,,,,,true,,goods,2,,,Active,Boite de 503,,Me-9945-E,,,,,,Coût des marchandises vendues - Produits Non-Divocco,,Marchandises en stock,Gants à tout usage,Gants,Gants en polyéthylène transparent
3977868000001198661,2023-07-12 00:21:43,2025-06-17 10:03:51,"Gant chirurgical stérile Vital Touch, Latex, Sans poudre, 6",,CAD 69.99,Ventes Produits Non-Divocco,true,,Medicom,0,0,0,0,cm,kg,,,,,true,,goods,2,,,Active,Boite de 50 paires,,Me-277066,,,,,,Coût des marchandises vendues - Produits Non-Divocco,,Marchandises en stock,Gants latex,Gants,"Gant chirurgical stérile Vital Touch, Latex"
3977868000001198665,2023-07-12 00:21:43,2025-07-26 20:51:44,"Gant chirurgical stérile Vital Touch, Latex, Sans poudre, 7",,CAD 69.99,Ventes Produits Non-Divocco,true,,Medicom,0,0,0,0,cm,kg,,,,,true,,goods,2,,,Active,Boite de 50 paires,,Me-277036,,,,,,Coût des marchandises vendues - Produits Non-Divocco,,Marchandises en stock,Gants latex,Gants,"Gant chirurgical stérile Vital Touch, Latex"
3977868000001198669,2023-07-12 00:21:43,2025-02-15 03:05:29,"Gant chirurgical stérile Vital Touch, Latex, Sans poudre, 8",,CAD 69.99,Ventes Produits Non-Divocco,true,,Medicom,0,0,0,0,cm,kg,,,,,true,,goods,2,,,Active,Boite de 50 paires,,Me-277005,,,,,,Coût des marchandises vendues - Produits Non-Divocco,,Marchandises en stock,Gants latex,Gants,"Gant chirurgical stérile Vital Touch, Latex"
3977868000001198783,2023-07-12 00:21:43,2025-02-15 03:05:31,"Gant Chloroprène NeoNatural Ocean Pacific, XS",,CAD 19.99,Ventes Produits Non-Divocco,true,,Medicom,0,0,0,0,cm,kg,,,,,true,,goods,2,,,Active,Boite de 100,,Me-1228-A,,,,,,Coût des marchandises vendues - Produits Non-Divocco,,Marchandises en stock,Gants vinyle et hybride,Gants,Gant Chloroprène NeoNatural Ocean Pacific Vert
3977868000001198785,2023-07-12 00:21:43,2025-02-26 08:05:54,"Gant Chloroprène NeoNatural Ocean Pacific, S",,CAD 19.99,Ventes Produits Non-Divocco,true,,Medicom,0,0,0,0,cm,kg,,,,,true,,goods,2,,,Active,Boite de 100,,Me-1228-B,,,,,,Coût des marchandises vendues - Produits Non-Divocco,,Marchandises en stock,Gants vinyle et hybride,Gants,Gant Chloroprène NeoNatural Ocean Pacific Vert
3977868000001198787,2023-07-12 00:21:43,2025-07-26 20:51:44,"Gant Chloroprène NeoNatural Ocean Pacific, M",,CAD 19.99,Ventes Produits Non-Divocco,true,,Medicom,0,0,0,0,cm,kg,,,,,true,,goods,2,,,Active,Boite de 100,,Me-1228-C,,,,,,Coût des marchandises vendues - Produits Non-Divocco,,Marchandises en stock,Gants vinyle et hybride,Gants,Gant Chloroprène NeoNatural Ocean Pacific Vert
3977868000001198789,2023-07-12 00:21:43,2025-02-15 03:05:32,"Gant Chloroprène NeoNatural Ocean Pacific, L",,CAD 19.99,Ventes Produits Non-Divocco,true,,Medicom,0,0,0,0,cm,kg,,,,,true,,goods,2,,,Active,Boite de 100,,Me-1228-D,,,,,,Coût des marchandises vendues - Produits Non-Divocco,,Marchandises en stock,Gants vinyle et hybride,Gants,Gant Chloroprène NeoNatural Ocean Pacific Vert
3977868000001198791,2023-07-12 00:21:43,2025-02-15 03:05:32,"Gant Chloroprène NeoNatural Ocean Pacific, XL",,CAD 19.99,Ventes Produits Non-Divocco,true,,Medicom,0,0,0,0,cm,kg,,,,,true,,goods,2,,,Active,Boite de 100,,Me-1228-E,,,,,,Coût des marchandises vendues - Produits Non-Divocco,,Marchandises en stock,Gants vinyle et hybride,Gants,Gant Chloroprène NeoNatural Ocean Pacific Vert
3977868000001198827,2023-07-12 00:21:43,2024-12-09 03:03:04,"Paragon® Bistouris stériles jetables Stérile, #10",,CAD 16.99,Ventes Produits Non-Divocco,true,,Medicom,0,0,0,0,cm,kg,,,,,true,,goods,2,,,Active,Caisse de 10,,Me-90000-10,,,,,,Coût des marchandises vendues - Produits Non-Divocco,,Marchandises en stock,Bistouris et lames,Outils de procédure,Paragon® Bistouris stériles jetables Stérile
3977868000001198829,2023-07-12 00:21:43,2024-12-09 03:03:05,"Paragon® Bistouris stériles jetables Stérile, #11",,CAD 16.99,Ventes Produits Non-Divocco,true,,Medicom,0,0,0,0,cm,kg,,,,,true,,goods,2,,,Active,Caisse de 10,,Me-90000-11,,,,,,Coût des marchandises vendues - Produits Non-Divocco,,Marchandises en stock,Bistouris et lames,Outils de procédure,Paragon® Bistouris stériles jetables Stérile
3977868000001198831,2023-07-12 00:21:43,2024-12-09 03:03:05,"Paragon® Bistouris stériles jetables Stérile, #12",,CAD 16.99,Ventes Produits Non-Divocco,true,,Medicom,0,0,0,0,cm,kg,,,,,true,,goods,2,,,Active,Caisse de 10,,Me-90000-12,,,,,,Coût des marchandises vendues - Produits Non-Divocco,,Marchandises en stock,Bistouris et lames,Outils de procédure,Paragon® Bistouris stériles jetables Stérile
3977868000001198833,2023-07-12 00:21:43,2024-12-09 03:03:05,"Paragon® Bistouris stériles jetables Stérile, #15",,CAD 16.99,Ventes Produits Non-Divocco,true,,Medicom,0,0,0,0,cm,kg,,,,,true,,goods,2,,,Active,Caisse de 10,,Me-90000-15,,,,,,Coût des marchandises vendues - Produits Non-Divocco,,Marchandises en stock,Bistouris et lames,Outils de procédure,Paragon® Bistouris stériles jetables Stérile
3977868000001198835,2023-07-12 00:21:43,2024-12-09 03:03:05,"Paragon® Bistouris stériles jetables Stérile, #20",,CAD 16.99,Ventes Produits Non-Divocco,true,,Medicom,0,0,0,0,cm,kg,,,,,true,,goods,2,,,Active,Caisse de 10,,Me-90000-20,,,,,,Coût des marchandises vendues - Produits Non-Divocco,,Marchandises en stock,Bistouris et lames,Outils de procédure,Paragon® Bistouris stériles jetables Stérile
3977868000001198837,2023-07-12 00:21:43,2024-12-09 03:03:06,"Paragon® Bistouris stériles jetables Stérile, #21",,CAD 16.99,Ventes Produits Non-Divocco,true,,Medicom,0,0,0,0,cm,kg,,,,,true,,goods,2,,,Active,Caisse de 10,,Me-90000-21,,,,,,Coût des marchandises vendues - Produits Non-Divocco,,Marchandises en stock,Bistouris et lames,Outils de procédure,Paragon® Bistouris stériles jetables Stérile
3977868000001198839,2023-07-12 00:21:43,2024-12-09 03:03:06,"Paragon® Bistouris stériles jetables Stérile, #22",,CAD 16.99,Ventes Produits Non-Divocco,true,,Medicom,0,0,0,0,cm,kg,,,,,true,,goods,2,,,Active,Caisse de 10,,Me-90000-22,,,,,,Coût des marchandises vendues - Produits Non-Divocco,,Marchandises en stock,Bistouris et lames,Outils de procédure,Paragon® Bistouris stériles jetables Stérile
3977868000001198841,2023-07-12 00:21:43,2024-12-09 03:03:06,"Paragon® Bistouris stériles jetables Stérile, #23",,CAD 16.99,Ventes Produits Non-Divocco,true,,Medicom,0,0,0,0,cm,kg,,,,,true,,goods,2,,,Active,Caisse de 10,,Me-90000-23,,,,,,Coût des marchandises vendues - Produits Non-Divocco,,Marchandises en stock,Bistouris et lames,Outils de procédure,Paragon® Bistouris stériles jetables Stérile
3977868000001198843,2023-07-12 00:21:43,2024-12-09 03:03:07,"Paragon® Bistouris stériles jetables Stérile, #24",,CAD 16.99,Ventes Produits Non-Divocco,true,,Medicom,0,0,0,0,cm,kg,,,,,true,,goods,2,,,Active,Caisse de 10,,Me-90000-24,,,,,,Coût des marchandises vendues - Produits Non-Divocco,,Marchandises en stock,Bistouris et lames,Outils de procédure,Paragon® Bistouris stériles jetables Stérile
3977868000001198903,2023-07-12 00:21:43,2024-12-09 03:03:07,"Paragon® Lames jetables en acier inoxydable Acier inoxydable Stérile, Acier inoxydabLe, #10",,CAD 44.99,Ventes Produits Non-Divocco,true,,Medicom,0,0,0,0,cm,kg,,,,,true,,goods,2,,,Active,Caisse de 100,,Me-90010-10,,,,,,Coût des marchandises vendues - Produits Non-Divocco,,Marchandises en stock,Bistouris et lames,Outils de procédure,Paragon® Lames jetables en acier inoxydable Acier inoxydable Stérile
3977868000001198905,2023-07-12 00:21:43,2024-12-09 03:03:07,"Paragon® Lames jetables en acier inoxydable Acier inoxydable Stérile, Acier inoxydabLe, #11",,CAD 44.99,Ventes Produits Non-Divocco,true,,Medicom,0,0,0,0,cm,kg,,,,,true,,goods,2,,,Active,Caisse de 100,,Me-90010-11,,,,,,Coût des marchandises vendues - Produits Non-Divocco,,Marchandises en stock,Bistouris et lames,Outils de procédure,Paragon® Lames jetables en acier inoxydable Acier inoxydable Stérile
3977868000001198907,2023-07-12 00:21:43,2024-12-09 03:03:08,"Paragon® Lames jetables en acier inoxydable Acier inoxydable Stérile, Acier inoxydabLe, #12",,CAD 44.99,Ventes Produits Non-Divocco,true,,Medicom,0,0,0,0,cm,kg,,,,,true,,goods,2,,,Active,Caisse de 100,,Me-90010-12,,,,,,Coût des marchandises vendues - Produits Non-Divocco,,Marchandises en stock,Bistouris et lames,Outils de procédure,Paragon® Lames jetables en acier inoxydable Acier inoxydable Stérile
3977868000001198909,2023-07-12 00:21:43,2024-12-09 03:03:08,"Paragon® Lames jetables en acier inoxydable Acier inoxydable Stérile, Acier inoxydabLe, #15",,CAD 44.99,Ventes Produits Non-Divocco,true,,Medicom,0,0,0,0,cm,kg,,,,,true,,goods,2,,,Active,Caisse de 100,,Me-90010-15,,,,,,Coût des marchandises vendues - Produits Non-Divocco,,Marchandises en stock,Bistouris et lames,Outils de procédure,Paragon® Lames jetables en acier inoxydable Acier inoxydable Stérile
3977868000001198911,2023-07-12 00:21:43,2024-12-09 03:03:08,"Paragon® Lames jetables en acier inoxydable Acier inoxydable Stérile, Acier inoxydabLe, #20",,CAD 44.99,Ventes Produits Non-Divocco,true,,Medicom,0,0,0,0,cm,kg,,,,,true,,goods,2,,,Active,Caisse de 100,,Me-90010-20,,,,,,Coût des marchandises vendues - Produits Non-Divocco,,Marchandises en stock,Bistouris et lames,Outils de procédure,Paragon® Lames jetables en acier inoxydable Acier inoxydable Stérile
3977868000001198913,2023-07-12 00:21:43,2024-12-09 03:03:08,"Paragon® Lames jetables en acier inoxydable Acier inoxydable Stérile, Acier inoxydabLe, #21",,CAD 44.99,Ventes Produits Non-Divocco,true,,Medicom,0,0,0,0,cm,kg,,,,,true,,goods,2,,,Active,Caisse de 100,,Me-90010-21,,,,,,Coût des marchandises vendues - Produits Non-Divocco,,Marchandises en stock,Bistouris et lames,Outils de procédure,Paragon® Lames jetables en acier inoxydable Acier inoxydable Stérile
3977868000001198915,2023-07-12 00:21:43,2024-12-09 03:03:09,"Paragon® Lames jetables en acier inoxydable Acier inoxydable Stérile, Acier inoxydabLe, #22",,CAD 44.99,Ventes Produits Non-Divocco,true,,Medicom,0,0,0,0,cm,kg,,,,,true,,goods,2,,,Active,Caisse de 100,,Me-90010-22,,,,,,Coût des marchandises vendues - Produits Non-Divocco,,Marchandises en stock,Bistouris et lames,Outils de procédure,Paragon® Lames jetables en acier inoxydable Acier inoxydable Stérile
3977868000001198917,2023-07-12 00:21:43,2024-12-09 03:03:09,"Paragon® Lames jetables en acier inoxydable Acier inoxydable Stérile, Acier inoxydabLe, #23",,CAD 44.99,Ventes Produits Non-Divocco,true,,Medicom,0,0,0,0,cm,kg,,,,,true,,goods,2,,,Active,Caisse de 100,,Me-90010-23,,,,,,Coût des marchandises vendues - Produits Non-Divocco,,Marchandises en stock,Bistouris et lames,Outils de procédure,Paragon® Lames jetables en acier inoxydable Acier inoxydable Stérile
3977868000001198919,2023-07-12 00:21:43,2024-12-09 03:03:09,"Paragon® Lames jetables en acier inoxydable Acier inoxydable Stérile, Acier inoxydabLe, #24",,CAD 44.99,Ventes Produits Non-Divocco,true,,Medicom,0,0,0,0,cm,kg,,,,,true,,goods,2,,,Active,Caisse de 100,,Me-90010-24,,,,,,Coût des marchandises vendues - Produits Non-Divocco,,Marchandises en stock,Bistouris et lames,Outils de procédure,Paragon® Lames jetables en acier inoxydable Acier inoxydable Stérile
3977868000001198979,2023-07-12 00:21:43,2024-12-09 03:03:10,"Paragon® Lames jetables en acier au carbone Acier carbone Stérile, Carbone, #10",,CAD 44.99,Ventes Produits Non-Divocco,true,,Medicom,0,0,0,0,cm,kg,,,,,true,,goods,2,,,Active,Caisse de 100,,Me-90011-10,,,,,,Coût des marchandises vendues - Produits Non-Divocco,,Marchandises en stock,Bistouris et lames,Outils de procédure,Paragon® Lames jetables en acier au carbone Acier carbone Stérile
3977868000001198981,2023-07-12 00:21:43,2024-12-09 03:03:10,"Paragon® Lames jetables en acier au carbone Acier carbone Stérile, Carbone, #11",,CAD 44.99,Ventes Produits Non-Divocco,true,,Medicom,0,0,0,0,cm,kg,,,,,true,,goods,2,,,Active,Caisse de 100,,Me-90011-11,,,,,,Coût des marchandises vendues - Produits Non-Divocco,,Marchandises en stock,Bistouris et lames,Outils de procédure,Paragon® Lames jetables en acier au carbone Acier carbone Stérile
3977868000001198983,2023-07-12 00:21:43,2024-12-09 03:03:10,"Paragon® Lames jetables en acier au carbone Acier carbone Stérile, Carbone, #12",,CAD 44.99,Ventes Produits Non-Divocco,true,,Medicom,0,0,0,0,cm,kg,,,,,true,,goods,2,,,Active,Caisse de 100,,Me-90011-12,,,,,,Coût des marchandises vendues - Produits Non-Divocco,,Marchandises en stock,Bistouris et lames,Outils de procédure,Paragon® Lames jetables en acier au carbone Acier carbone Stérile
3977868000001198985,2023-07-12 00:21:43,2024-12-09 03:03:10,"Paragon® Lames jetables en acier au carbone Acier carbone Stérile, Carbone, #15",,CAD 44.99,Ventes Produits Non-Divocco,true,,Medicom,0,0,0,0,cm,kg,,,,,true,,goods,2,,,Active,Caisse de 100,,Me-90011-15,,,,,,Coût des marchandises vendues - Produits Non-Divocco,,Marchandises en stock,Bistouris et lames,Outils de procédure,Paragon® Lames jetables en acier au carbone Acier carbone Stérile
3977868000001198987,2023-07-12 00:21:43,2025-07-14 08:13:34,"Paragon® Lames jetables en acier au carbone Acier carbone Stérile, Carbone, #20",,CAD 44.99,Ventes Produits Non-Divocco,true,,Medicom,0,0,0,0,cm,kg,,,,,true,,goods,2,,,Active,Caisse de 100,,Me-90011-20,,,,,,Coût des marchandises vendues - Produits Non-Divocco,,Marchandises en stock,Bistouris et lames,Outils de procédure,Paragon® Lames jetables en acier au carbone Acier carbone Stérile
3977868000001198989,2023-07-12 00:21:43,2024-12-09 03:03:11,"Paragon® Lames jetables en acier au carbone Acier carbone Stérile, Carbone, #21",,CAD 44.99,Ventes Produits Non-Divocco,true,,Medicom,0,0,0,0,cm,kg,,,,,true,,goods,2,,,Active,Caisse de 100,,Me-90011-21,,,,,,Coût des marchandises vendues - Produits Non-Divocco,,Marchandises en stock,Bistouris et lames,Outils de procédure,Paragon® Lames jetables en acier au carbone Acier carbone Stérile
3977868000001198991,2023-07-12 00:21:43,2024-12-09 03:03:11,"Paragon® Lames jetables en acier au carbone Acier carbone Stérile, Carbone, #22",,CAD 44.99,Ventes Produits Non-Divocco,true,,Medicom,0,0,0,0,cm,kg,,,,,true,,goods,2,,,Active,Caisse de 100,,Me-90011-22,,,,,,Coût des marchandises vendues - Produits Non-Divocco,,Marchandises en stock,Bistouris et lames,Outils de procédure,Paragon® Lames jetables en acier au carbone Acier carbone Stérile
3977868000001198993,2023-07-12 00:21:43,2024-12-09 03:03:12,"Paragon® Lames jetables en acier au carbone Acier carbone Stérile, Carbone, #23",,CAD 44.99,Ventes Produits Non-Divocco,true,,Medicom,0,0,0,0,cm,kg,,,,,true,,goods,2,,,Active,Caisse de 100,,Me-90011-23,,,,,,Coût des marchandises vendues - Produits Non-Divocco,,Marchandises en stock,Bistouris et lames,Outils de procédure,Paragon® Lames jetables en acier au carbone Acier carbone Stérile
3977868000001198995,2023-07-12 00:21:43,2024-12-09 03:03:12,"Paragon® Lames jetables en acier au carbone Acier carbone Stérile, Carbone, #24",,CAD 44.99,Ventes Produits Non-Divocco,true,,Medicom,0,0,0,0,cm,kg,,,,,true,,goods,2,,,Active,Caisse de 100,,Me-90011-24,,,,,,Coût des marchandises vendues - Produits Non-Divocco,,Marchandises en stock,Bistouris et lames,Outils de procédure,Paragon® Lames jetables en acier au carbone Acier carbone Stérile
3977868000001199055,2023-07-12 00:21:44,2025-02-15 03:04:40,"Gants Halyard aquasoft, XS",,CAD 26.99,Ventes Produits Non-Divocco,true,Halyard,Halyard,0,0,0,0,cm,kg,,,,,true,,goods,2,,,Active,Boite de 200,,Ha-KC43932,,,,,,Coût des marchandises vendues - Produits Non-Divocco,,Marchandises en stock,Gants nitrile,Gants,Gants Halyard aquasoft
3977868000001199057,2023-07-12 00:21:44,2025-02-15 03:04:40,"Gants Halyard aquasoft, S",,CAD 26.99,Ventes Produits Non-Divocco,true,Halyard,Halyard,0,0,0,0,cm,kg,,,,,true,,goods,2,,,Active,Boite de 200,,Ha-KC43933,,,,,,Coût des marchandises vendues - Produits Non-Divocco,,Marchandises en stock,Gants nitrile,Gants,Gants Halyard aquasoft
3977868000001199059,2023-07-12 00:21:44,2025-03-21 09:04:17,"Gants Halyard aquasoft, M",,CAD 26.99,Ventes Produits Non-Divocco,true,Halyard,Halyard,0,0,0,0,cm,kg,,,,,true,,goods,2,,,Active,Boite de 200,,Ha-KC43934,,,,,,Coût des marchandises vendues - Produits Non-Divocco,,Marchandises en stock,Gants nitrile,Gants,Gants Halyard aquasoft
3977868000001199061,2023-07-12 00:21:44,2025-02-15 03:04:41,"Gants Halyard aquasoft, L",,CAD 26.99,Ventes Produits Non-Divocco,true,Halyard,Halyard,0,0,0,0,cm,kg,,,,,true,,goods,2,,,Active,Boite de 200,,Ha-KC43935,,,,,,Coût des marchandises vendues - Produits Non-Divocco,,Marchandises en stock,Gants nitrile,Gants,Gants Halyard aquasoft
3977868000001199063,2023-07-12 00:21:44,2025-02-15 03:04:41,"Gants Halyard aquasoft, XL",,CAD 26.99,Ventes Produits Non-Divocco,true,Halyard,Halyard,0,0,0,0,cm,kg,,,,,true,,goods,2,,,Active,Boite de 200,,Ha-KC43936,,,,,,Coût des marchandises vendues - Produits Non-Divocco,,Marchandises en stock,Gants nitrile,Gants,Gants Halyard aquasoft
3977868000001199105,2023-07-12 00:21:44,2025-02-15 03:04:42,"Fitguard Touch Nitrile, L",,CAD 29.99,Ventes Produits Non-Divocco,true,Medline,Medline,0,0,0,0,cm,kg,,,,,true,,goods,2,,,Active,Boite de 300,,Md-MEDFG3003,,,,,,Coût des marchandises vendues - Produits Non-Divocco,,Marchandises en stock,Gants nitrile,Gants,Fitguard Touch Nitrile
3977868000001199107,2023-07-12 00:21:44,2025-02-15 03:04:42,"Fitguard Touch Nitrile, XL",,CAD 29.99,Ventes Produits Non-Divocco,true,Medline,Medline,0,0,0,0,cm,kg,,,,,true,,goods,2,,,Active,Boite de 300,,Md-MEDFG3004,,,,,,Coût des marchandises vendues - Produits Non-Divocco,,Marchandises en stock,Gants nitrile,Gants,Fitguard Touch Nitrile
3977868000001199099,2023-07-12 00:21:44,2025-02-15 03:04:41,"Fitguard Touch Nitrile, XS",,CAD 29.99,Ventes Produits Non-Divocco,true,Medline,Medline,0,0,0,0,cm,kg,,,,,true,,goods,2,,,Active,Boite de 300,,Md-MEDFG3000,,,,,,Coût des marchandises vendues - Produits Non-Divocco,,Marchandises en stock,Gants nitrile,Gants,Fitguard Touch Nitrile
3977868000001199101,2023-07-12 00:21:44,2025-07-26 20:51:44,"Fitguard Touch Nitrile, S",,CAD 29.99,Ventes Produits Non-Divocco,true,Medline,Medline,0,0,0,0,cm,kg,,,,,true,,goods,2,,,Active,Boite de 300,,Md-MEDFG3001,,,,,,Coût des marchandises vendues - Produits Non-Divocco,,Marchandises en stock,Gants nitrile,Gants,Fitguard Touch Nitrile
3977868000001199103,2023-07-12 00:21:44,2025-07-26 20:51:44,"Fitguard Touch Nitrile, M",,CAD 29.99,Ventes Produits Non-Divocco,true,Medline,Medline,0,0,0,0,cm,kg,,,,,true,,goods,2,,,Active,Boite de 300,,Md-MEDFG3002,,,,,,Coût des marchandises vendues - Produits Non-Divocco,,Marchandises en stock,Gants nitrile,Gants,Fitguard Touch Nitrile
3977868000001199171,2023-07-12 00:21:44,2025-02-15 03:04:42,"Gants Medline Restore Sense Max oat, XS",,CAD 26.99,Ventes Produits Non-Divocco,true,Medline,Medline,0,0,0,0,cm,kg,,,,,true,,goods,2,,,Active,Boite de 250,,Md-OAT3000,,,,,,Coût des marchandises vendues - Produits Non-Divocco,,Marchandises en stock,Gants nitrile,Gants,Gants Medline Restore Sense Max oat
3977868000001199173,2023-07-12 00:21:44,2025-07-26 20:51:44,"Gants Medline Restore Sense Max oat, S",,CAD 26.99,Ventes Produits Non-Divocco,true,Medline,Medline,0,0,0,0,cm,kg,,,,,true,,goods,2,,,Active,Boite de 250,,Md-OAT3001,,,,,,Coût des marchandises vendues - Produits Non-Divocco,,Marchandises en stock,Gants nitrile,Gants,Gants Medline Restore Sense Max oat
3977868000001199175,2023-07-12 00:21:44,2025-07-26 20:51:44,"Gants Medline Restore Sense Max oat, M",,CAD 26.99,Ventes Produits Non-Divocco,true,Medline,Medline,0,0,0,0,cm,kg,,,,,true,,goods,2,,,Active,boite de 300,boite de 300,Md-OAT3002,,,,,,Coût des marchandises vendues - Produits Non-Divocco,,Marchandises en stock,Gants nitrile,Gants,Gants Medline Restore Sense Max oat
3977868000001199177,2023-07-12 00:21:44,2025-02-15 03:04:43,"Gants Medline Restore Sense Max oat, L",,CAD 26.99,Ventes Produits Non-Divocco,true,Medline,Medline,0,0,0,0,cm,kg,,,,,true,,goods,2,,,Active,Boite de 250,,Md-OAT3003,,,,,,Coût des marchandises vendues - Produits Non-Divocco,,Marchandises en stock,Gants nitrile,Gants,Gants Medline Restore Sense Max oat
3977868000001199179,2023-07-12 00:21:44,2025-02-15 03:04:43,"Gants Medline Restore Sense Max oat, XL",,CAD 26.99,Ventes Produits Non-Divocco,true,Medline,Medline,0,0,0,0,cm,kg,,,,,true,,goods,2,,,Active,Boite de 250,,Md-OAT3004,,,,,,Coût des marchandises vendues - Produits Non-Divocco,,Marchandises en stock,Gants nitrile,Gants,Gants Medline Restore Sense Max oat
3977868000001199215,2023-07-12 00:21:44,2025-08-01 08:03:24,Gants Omni serie 204-S,,CAD 1.00,Ventes Produits Non-Divocco,true,Omni,Omni,0,0,0,0,cm,kg,,,,,true,,goods,2,,,Active,Boite de 300,,Om-204-321,,,,,,Coût des marchandises vendues - Produits Non-Divocco,,Marchandises en stock,Gants nitrile,Gants,Gants Omni serie 204
3977868000001199217,2023-07-12 00:21:44,2025-02-15 03:04:43,Gants Omni serie 204-M,,CAD 1.00,Ventes Produits Non-Divocco,true,Omni,Omni,0,0,0,0,cm,kg,,,,,true,,goods,2,,,Active,Boite de 300,,Om-204-322,,,,,,Coût des marchandises vendues - Produits Non-Divocco,,Marchandises en stock,Gants nitrile,Gants,Gants Omni serie 204
3977868000001199219,2023-07-12 00:21:44,2025-07-22 14:14:02,Gants Omni serie 204-L,,CAD 1.00,Ventes Produits Non-Divocco,true,Omni,Omni,0,0,0,0,cm,kg,,,,,true,,goods,2,,,Active,Boite de 300,,Om-204-323,,,,,,Coût des marchandises vendues - Produits Non-Divocco,,Marchandises en stock,Gants nitrile,Gants,Gants Omni serie 204
3977868000001199221,2023-07-12 00:21:44,2025-02-15 03:04:44,Gants Omni serie 204-XL,,CAD 1.00,Ventes Produits Non-Divocco,true,Omni,Omni,0,0,0,0,cm,kg,,,,,true,,goods,2,,,Active,Boite de 300,,Om-204-324,,,,,,Coût des marchandises vendues - Produits Non-Divocco,,Marchandises en stock,Gants nitrile,Gants,Gants Omni serie 204
3977868000001199283,2023-07-12 00:21:45,2025-01-08 03:32:23,"Medline Sensicare silk, XS",,CAD 20.99,Ventes Produits Non-Divocco,true,Medline,Medline,0,0,0,0,cm,kg,,,,,true,,goods,2,,,Active,Boite de 250,,Md-2583,,,,,,Coût des marchandises vendues - Produits Non-Divocco,,Marchandises en stock,Gants nitrile,Gants,Medline Sensicare
3977868000001199285,2023-07-12 00:21:45,2025-07-17 16:49:59,"Medline Sensicare silk, S",,CAD 20.99,Ventes Produits Non-Divocco,true,Medline,Medline,0,0,0,0,cm,kg,,,,,true,,goods,2,,,Active,Boite de 250,,Md-2584,,,,,,Coût des marchandises vendues - Produits Non-Divocco,,Marchandises en stock,Gants nitrile,Gants,Medline Sensicare
3977868000001199287,2023-07-12 00:21:45,2025-01-08 03:32:24,"Medline Sensicare silk, M",,CAD 20.99,Ventes Produits Non-Divocco,true,Medline,Medline,0,0,0,0,cm,kg,,,,,true,,goods,2,,,Active,Boite de 250,,Md-2585,,,,,,Coût des marchandises vendues - Produits Non-Divocco,,Marchandises en stock,Gants nitrile,Gants,Medline Sensicare
3977868000001199289,2023-07-12 00:21:45,2025-01-08 03:32:24,"Medline Sensicare silk, L",,CAD 20.99,Ventes Produits Non-Divocco,true,Medline,Medline,0,0,0,0,cm,kg,,,,,true,,goods,2,,,Active,Boite de 250,,Md-2586,,,,,,Coût des marchandises vendues - Produits Non-Divocco,,Marchandises en stock,Gants nitrile,Gants,Medline Sensicare
3977868000001199291,2023-07-12 00:21:45,2025-01-08 03:32:24,"Medline Sensicare silk, XL",,CAD 20.99,Ventes Produits Non-Divocco,true,Medline,Medline,0,0,0,0,cm,kg,,,,,true,,goods,2,,,Active,Boite de 250,,Md-2587,,,,,,Coût des marchandises vendues - Produits Non-Divocco,,Marchandises en stock,Gants nitrile,Gants,Medline Sensicare
3977868000001199327,2023-07-12 00:21:45,2024-12-09 03:03:19,"Microflex Ultraform, XS",,CAD 17.99,Ventes Produits Non-Divocco,true,Ansell,Ansell,0,0,0,0,cm,kg,,,,,true,,goods,2,,,Active,Boite de 100,,An-UF524XS-100,,,,,,Coût des marchandises vendues - Produits Non-Divocco,,Marchandises en stock,Gants nitrile,Gants,Microflex Ultraform -100 gants
3977868000001199329,2023-07-12 00:21:45,2024-12-18 03:24:43,"Microflex Ultraform, S",,CAD 17.99,Ventes Produits Non-Divocco,true,Ansell,Ansell,0,0,0,0,cm,kg,,,,,true,,goods,2,,,Active,Boite de 100,,An-UF524S-100,,,,,,Coût des marchandises vendues - Produits Non-Divocco,,Marchandises en stock,Gants nitrile,Gants,Microflex Ultraform -100 gants
3977868000001199331,2023-07-12 00:21:45,2024-12-19 03:05:09,"Microflex Ultraform, M",,CAD 17.99,Ventes Produits Non-Divocco,true,Ansell,Ansell,0,0,0,0,cm,kg,,,,,true,,goods,2,,,Active,Boite de 100,,An-UF524M-100,,,,,,Coût des marchandises vendues - Produits Non-Divocco,,Marchandises en stock,Gants nitrile,Gants,Microflex Ultraform -100 gants
3977868000001199333,2023-07-12 00:21:45,2025-01-08 03:32:24,"Microflex Ultraform, L",,CAD 17.99,Ventes Produits Non-Divocco,true,Ansell,Ansell,0,0,0,0,cm,kg,,,,,true,,goods,2,,,Active,Boite de 100,,An-UF524L-100,,,,,,Coût des marchandises vendues - Produits Non-Divocco,,Marchandises en stock,Gants nitrile,Gants,Microflex Ultraform -100 gants
3977868000001199335,2023-07-12 00:21:45,2024-12-09 03:03:20,"Microflex Ultraform, XL",,CAD 17.99,Ventes Produits Non-Divocco,true,Ansell,Ansell,0,0,0,0,cm,kg,,,,,true,,goods,2,,,Active,Boite de 100,,An-UF524XL-100,,,,,,Coût des marchandises vendues - Produits Non-Divocco,,Marchandises en stock,Gants nitrile,Gants,Microflex Ultraform -100 gants
3977868000001199439,2023-07-12 00:21:45,2024-12-09 03:03:21,Omnitrust Nitrile - 100 unités-M,,CAD 1.00,Ventes Produits Non-Divocco,true,Omni,Omni,0,0,0,0,cm,kg,,,,,true,,goods,2,,,Active,Boite de 100,,Om-201-121,,,,,,Coût des marchandises vendues - Produits Non-Divocco,,Marchandises en stock,Gants nitrile,Gants,Omnitrust Nitrile - 100 unités
3977868000001199441,2023-07-12 00:21:45,2024-12-09 03:03:22,Omnitrust Nitrile - 100 unités-L,,CAD 1.00,Ventes Produits Non-Divocco,true,Omni,Omni,0,0,0,0,cm,kg,,,,,true,,goods,2,,,Active,Boite de 100,,Om-201-122,,,,,,Coût des marchandises vendues - Produits Non-Divocco,,Marchandises en stock,Gants nitrile,Gants,Omnitrust Nitrile - 100 unités
3977868000001199443,2023-07-12 00:21:45,2024-12-09 03:03:22,Omnitrust Nitrile - 100 unités-XL,,CAD 1.00,Ventes Produits Non-Divocco,true,Omni,Omni,0,0,0,0,cm,kg,,,,,true,,goods,2,,,Active,Boite de 100,,Om-201-123,,,,,,Coût des marchandises vendues - Produits Non-Divocco,,Marchandises en stock,Gants nitrile,Gants,Omnitrust Nitrile - 100 unités
3977868000001199467,2023-07-12 00:21:45,2025-07-26 20:51:44,"SafeTouch Advanced Rejuvenate Nitrile, XS",,CAD 17.99,Ventes Produits Non-Divocco,true,Medicom,Medicom,0,0,0,0,cm,kg,,,,,true,,goods,2,,,Active,Boite de 100,,Me-1176A,,,,,,Coût des marchandises vendues - Produits Non-Divocco,,Marchandises en stock,Gants nitrile,Gants,SafeTouch Advanced Rejuvenate Nitrile
3977868000001199469,2023-07-12 00:21:45,2025-07-26 20:51:44,"SafeTouch Advanced Rejuvenate Nitrile, S",,CAD 17.99,Ventes Produits Non-Divocco,true,Medicom,Medicom,0,0,0,0,cm,kg,,,,,true,,goods,2,,,Active,Boite de 100,,Me-1176B,,,,,,Coût des marchandises vendues - Produits Non-Divocco,,Marchandises en stock,Gants nitrile,Gants,SafeTouch Advanced Rejuvenate Nitrile
3977868000001199471,2023-07-12 00:21:45,2025-07-26 20:51:44,"SafeTouch Advanced Rejuvenate Nitrile, M",,CAD 17.99,Ventes Produits Non-Divocco,true,Medicom,Medicom,0,0,0,0,cm,kg,,,,,true,,goods,2,,,Active,Boite de 100,,Me-1176C,,,,,,Coût des marchandises vendues - Produits Non-Divocco,,Marchandises en stock,Gants nitrile,Gants,SafeTouch Advanced Rejuvenate Nitrile
3977868000001199473,2023-07-12 00:21:45,2024-12-09 03:03:23,"SafeTouch Advanced Rejuvenate Nitrile, L",,CAD 17.99,Ventes Produits Non-Divocco,true,Medicom,Medicom,0,0,0,0,cm,kg,,,,,true,,goods,2,,,Active,Boite de 100,,Me-1176D,,,,,,Coût des marchandises vendues - Produits Non-Divocco,,Marchandises en stock,Gants nitrile,Gants,SafeTouch Advanced Rejuvenate Nitrile
3977868000001199475,2023-07-12 00:21:45,2024-12-09 03:03:23,"SafeTouch Advanced Rejuvenate Nitrile, XL",,CAD 17.99,Ventes Produits Non-Divocco,true,Medicom,Medicom,0,0,0,0,cm,kg,,,,,true,,goods,2,,,Active,Boite de 100,,Me-1176E,,,,,,Coût des marchandises vendues - Produits Non-Divocco,,Marchandises en stock,Gants nitrile,Gants,SafeTouch Advanced Rejuvenate Nitrile
3977868000001199539,2023-07-12 00:21:46,2024-12-09 03:03:24,"SafeTouch Advanced Rejuvenate Thin Nitrile, XS",,CAD 29.99,Ventes Produits Non-Divocco,true,Medicom,Medicom,0,0,0,0,cm,kg,,,,,true,,goods,2,,,Active,Boite de 200,,Me-1199A,,,,,,Coût des marchandises vendues - Produits Non-Divocco,,Marchandises en stock,Gants nitrile,Gants,SafeTouch Advanced Rejuvenate Thin Nitrile
3977868000001199541,2023-07-12 00:21:46,2025-02-04 10:07:36,"SafeTouch Advanced Rejuvenate Thin Nitrile, S",,CAD 29.99,Ventes Produits Non-Divocco,true,Medicom,Medicom,0,0,0,0,cm,kg,,,,,true,,goods,2,,,Active,Boite de 200,,Me-1199B,,,,,,Coût des marchandises vendues - Produits Non-Divocco,,Marchandises en stock,Gants nitrile,Gants,SafeTouch Advanced Rejuvenate Thin Nitrile
3977868000001199543,2023-07-12 00:21:46,2024-12-09 03:03:24,"SafeTouch Advanced Rejuvenate Thin Nitrile, M",,CAD 29.99,Ventes Produits Non-Divocco,true,Medicom,Medicom,0,0,0,0,cm,kg,,,,,true,,goods,2,,,Active,Boite de 200,,Me-1199C,,,,,,Coût des marchandises vendues - Produits Non-Divocco,,Marchandises en stock,Gants nitrile,Gants,SafeTouch Advanced Rejuvenate Thin Nitrile
3977868000001199545,2023-07-12 00:21:46,2024-12-09 03:03:24,"SafeTouch Advanced Rejuvenate Thin Nitrile, L",,CAD 29.99,Ventes Produits Non-Divocco,true,Medicom,Medicom,0,0,0,0,cm,kg,,,,,true,,goods,2,,,Active,Boite de 200,,Me-1199D,,,,,,Coût des marchandises vendues - Produits Non-Divocco,,Marchandises en stock,Gants nitrile,Gants,SafeTouch Advanced Rejuvenate Thin Nitrile
3977868000001199547,2023-07-12 00:21:46,2024-12-09 03:03:24,"SafeTouch Advanced Rejuvenate Thin Nitrile, XL",,CAD 29.99,Ventes Produits Non-Divocco,true,Medicom,Medicom,0,0,0,0,cm,kg,,,,,true,,goods,2,,,Active,Boite de 200,,Me-1199E,,,,,,Coût des marchandises vendues - Produits Non-Divocco,,Marchandises en stock,Gants nitrile,Gants,SafeTouch Advanced Rejuvenate Thin Nitrile
3977868000001199647,2023-07-12 00:21:46,2025-07-26 20:51:44,Omnitrust Latex-S,,CAD 13.99,Ventes Produits Non-Divocco,true,Omni,Omni,0,0,0,0,cm,kg,,,,,true,,goods,2,,,Active,Boite de 100,,Om-113-01,,,,,,Coût des marchandises vendues - Produits Non-Divocco,,Marchandises en stock,Gants latex,Gants,Omnitrust Latex
3977868000001199649,2023-07-12 00:21:46,2025-07-26 20:51:44,Omnitrust Latex-M,810572 001134,CAD 13.99,Ventes Produits Non-Divocco,true,Omni,Omni,0,0,0,0,cm,kg,,,,,true,,goods,2,,,Active,Boite de 100,,Om-113-02,,,,810572001134,,Coût des marchandises vendues - Produits Non-Divocco,,Marchandises en stock,Gants latex,Gants,Omnitrust Latex
3977868000001199651,2023-07-12 00:21:46,2025-07-26 20:51:44,Omnitrust Latex-L,,CAD 13.99,Ventes Produits Non-Divocco,true,Omni,Omni,0,0,0,0,cm,kg,,,,,true,,goods,2,,,Active,Boite de 100,,Om-113-03,,,,,,Coût des marchandises vendues - Produits Non-Divocco,,Marchandises en stock,Gants latex,Gants,Omnitrust Latex
3977868000001199653,2023-07-12 00:21:46,2024-12-09 03:03:27,Omnitrust Latex-XL,,CAD 13.99,Ventes Produits Non-Divocco,true,Omni,Omni,0,0,0,0,cm,kg,,,,,true,,goods,2,,,Active,Boite de 100,,Om-113-04,,,,,,Coût des marchandises vendues - Produits Non-Divocco,,Marchandises en stock,Gants latex,Gants,Omnitrust Latex
3977868000001199711,2023-07-12 00:21:47,2025-07-26 20:51:44,Ritmed latex poudré Text. Natural-XS,,CAD 1.00,Ventes Produits Non-Divocco,true,Ritmed,Medicom,0,0,0,0,cm,kg,,,,,true,,goods,2,,,Active,Boite de 100,,Me-9991A,,,,,,Coût des marchandises vendues - Produits Non-Divocco,,Marchandises en stock,Gants latex,Gants,Ritmed latex poudré Text. Natural
3977868000001199713,2023-07-12 00:21:47,2024-12-09 03:04:43,Ritmed latex poudré Text. Natural-S,,CAD 1.00,Ventes Produits Non-Divocco,true,Ritmed,Medicom,0,0,0,0,cm,kg,,,,,true,,goods,2,,,Active,Boite de 100,,Me-9991B,,,,,,Coût des marchandises vendues - Produits Non-Divocco,,Marchandises en stock,Gants latex,Gants,Ritmed latex poudré Text. Natural
3977868000001199715,2023-07-12 00:21:47,2024-12-09 03:04:43,Ritmed latex poudré Text. Natural-M,,CAD 1.00,Ventes Produits Non-Divocco,true,Ritmed,Medicom,0,0,0,0,cm,kg,,,,,true,,goods,2,,,Active,Boite de 100,,Me-9991C,,,,,,Coût des marchandises vendues - Produits Non-Divocco,,Marchandises en stock,Gants latex,Gants,Ritmed latex poudré Text. Natural
3977868000001199717,2023-07-12 00:21:47,2024-12-09 03:04:43,Ritmed latex poudré Text. Natural-L,,CAD 1.00,Ventes Produits Non-Divocco,true,Ritmed,Medicom,0,0,0,0,cm,kg,,,,,true,,goods,2,,,Active,Boite de 100,,Me-9991D,,,,,,Coût des marchandises vendues - Produits Non-Divocco,,Marchandises en stock,Gants latex,Gants,Ritmed latex poudré Text. Natural
3977868000001199719,2023-07-12 00:21:47,2024-12-09 03:04:44,Ritmed latex poudré Text. Natural-XL,,CAD 1.00,Ventes Produits Non-Divocco,true,Ritmed,Medicom,0,0,0,0,cm,kg,,,,,true,,goods,2,,,Active,Boite de 100,,Me-9991E,,,,,,Coût des marchandises vendues - Produits Non-Divocco,,Marchandises en stock,Gants latex,Gants,Ritmed latex poudré Text. Natural
3977868000001199775,2023-07-12 00:21:47,2025-02-15 03:05:32,"Gants NuTouch hybride, S",,CAD 7.99,Ventes Produits Non-Divocco,true,Omni,Omni,0,0,0,0,cm,kg,,,,,true,,goods,2,,,Active,Boite de 100,,Om-632-21,,,,,,Coût des marchandises vendues - Produits Non-Divocco,,Marchandises en stock,Gants vinyle et hybride,Gants,Gants NuTouch hybride
3977868000001199777,2023-07-12 00:21:47,2025-02-15 03:05:32,"Gants NuTouch hybride, M",,CAD 7.99,Ventes Produits Non-Divocco,true,Omni,Omni,0,0,0,0,cm,kg,,,,,true,,goods,2,,,Active,Boite de 100,,Om-632-22,,,,,,Coût des marchandises vendues - Produits Non-Divocco,,Marchandises en stock,Gants vinyle et hybride,Gants,Gants NuTouch hybride
3977868000001199779,2023-07-12 00:21:47,2025-07-26 20:51:44,"Gants NuTouch hybride, L",,CAD 7.99,Ventes Produits Non-Divocco,true,Omni,Omni,0,0,0,0,cm,kg,,,,,true,,goods,2,,,Active,Boite de 100,,Om-632-23,,,,,,Coût des marchandises vendues - Produits Non-Divocco,,Marchandises en stock,Gants vinyle et hybride,Gants,Gants NuTouch hybride
3977868000001199781,2023-07-12 00:21:47,2025-07-26 20:51:44,"Gants NuTouch hybride, XL",,CAD 7.99,Ventes Produits Non-Divocco,true,Omni,Omni,0,0,0,0,cm,kg,,,,,true,,goods,2,,,Active,Boite de 100,,Om-632-24,,,,,,Coût des marchandises vendues - Produits Non-Divocco,,Marchandises en stock,Gants vinyle et hybride,Gants,Gants NuTouch hybride
3977868000001199843,2023-07-12 00:21:47,2025-07-26 20:51:44,"Masques Humask, Niveau 1, Bleu",,CAD 6.99,Ventes Produits Non-Divocco,true,Humask,Humask,0,0,0,0,cm,kg,,,,,true,,goods,2,,,Active,Boite de 50,,H100B,,,,,,Coût des marchandises vendues - Produits Non-Divocco,,Marchandises en stock,Masque médical,,Masques Humask
3977868000001199845,2023-07-12 00:21:47,2025-07-26 20:51:44,"Masques Humask, Niveau 1, Blanc",,CAD 6.99,Ventes Produits Non-Divocco,true,Humask,Humask,0,0,0,0,cm,kg,,,,,true,,goods,2,,,Active,Boite de 50,,H100W,,,,,,Coût des marchandises vendues - Produits Non-Divocco,,Marchandises en stock,Masque médical,,Masques Humask
3977868000001199847,2023-07-12 00:21:47,2025-07-26 20:51:44,"Masques Humask, Niveau 1, Noir",,CAD 6.99,Ventes Produits Non-Divocco,true,Humask,Humask,0,0,0,0,cm,kg,,,,,true,,goods,2,,,Active,Boite de 50,,H100N,,,,,,Coût des marchandises vendues - Produits Non-Divocco,,Marchandises en stock,Masque médical,,Masques Humask
3977868000001199849,2023-07-12 00:21:47,2025-07-26 20:51:44,"Masques Humask, Niveau 2, Bleu",,CAD 8.99,Ventes Produits Non-Divocco,true,Humask,Humask,0,0,0,0,cm,kg,,,,,true,,goods,2,,,Active,Boite de 50,,H200B,,,,,,Coût des marchandises vendues - Produits Non-Divocco,,Marchandises en stock,Masque médical,,Masques Humask
3977868000001199851,2023-07-12 00:21:47,2025-07-26 20:51:44,"Masques Humask, Niveau 2, Blanc",,CAD 8.99,Ventes Produits Non-Divocco,true,Humask,Humask,0,0,0,0,cm,kg,,,,,true,,goods,2,,,Active,Boite de 50,,H200W,,,,,,Coût des marchandises vendues - Produits Non-Divocco,,Marchandises en stock,Masque médical,,Masques Humask
3977868000001199853,2023-07-12 00:21:47,2025-07-26 20:51:44,"Masques Humask, Niveau 2, Noir",,CAD 8.99,Ventes Produits Non-Divocco,true,Humask,Humask,0,0,0,0,cm,kg,,,,,true,,goods,2,,,Active,Boite de 50,,H200N,,,,,,Coût des marchandises vendues - Produits Non-Divocco,,Marchandises en stock,Masque médical,,Masques Humask
3977868000001199931,2023-07-12 00:21:48,2025-07-26 20:51:44,"Masques Humask PRO, Niveau 2, Bleu",,CAD 8.99,Ventes Produits Non-Divocco,true,Humask,Humask,0,0,0,0,cm,kg,,,,,true,,goods,2,,,Active,Boite de 50,,PRO2000B,,,,,,Coût des marchandises vendues - Produits Non-Divocco,,Marchandises en stock,Masque médical,,Masques Humask PRO
3977868000001199933,2023-07-12 00:21:48,2025-07-26 20:51:44,"Masques Humask PRO, Niveau 2, Blanc",,CAD 8.99,Ventes Produits Non-Divocco,true,Humask,Humask,0,0,0,0,cm,kg,,,,,true,,goods,2,,,Active,Boite de 50,,PRO2000W,,,,,,Coût des marchandises vendues - Produits Non-Divocco,,Marchandises en stock,Masque médical,,Masques Humask PRO
3977868000001199935,2023-07-12 00:21:48,2025-07-26 20:51:44,"Masques Humask PRO, Niveau 2, Noir",,CAD 8.99,Ventes Produits Non-Divocco,true,Humask,Humask,0,0,0,0,cm,kg,,,,,true,,goods,2,,,Active,Boite de 50,,PRO2000N,,,,,,Coût des marchandises vendues - Produits Non-Divocco,,Marchandises en stock,Masque médical,,Masques Humask PRO
3977868000001199937,2023-07-12 00:21:48,2025-07-26 20:51:44,"Masques Humask PRO, Niveau 3, Bleu",,CAD 10.49,Ventes Produits Non-Divocco,true,Humask,Humask,0,0,0,0,cm,kg,,,,,true,,goods,2,,,Active,Boite de 50,,PRO3000B,,,,,,Coût des marchandises vendues - Produits Non-Divocco,,Marchandises en stock,Masque médical,,Masques Humask PRO
3977868000001199939,2023-07-12 00:21:48,2025-02-15 03:04:46,"Masques Humask PRO, Niveau 3, Blanc",,CAD 10.49,Ventes Produits Non-Divocco,true,Humask,Humask,0,0,0,0,cm,kg,,,,,true,,goods,2,,,Active,Boite de 50,,PRO3000W,,,,,,Coût des marchandises vendues - Produits Non-Divocco,,Marchandises en stock,Masque médical,,Masques Humask PRO
3977868000001199941,2023-07-12 00:21:48,2025-06-13 12:30:48,"Masques Humask PRO, Niveau 3, Noir",,CAD 10.49,Ventes Produits Non-Divocco,true,Humask,Humask,0,0,0,0,cm,kg,,,,,true,,goods,2,,,Active,Boite de 50,,PRO3000N,,,,,,Coût des marchandises vendues - Produits Non-Divocco,,Marchandises en stock,Masque médical,,Masques Humask PRO
3977868000001200023,2023-07-12 00:21:48,2025-05-22 11:50:26,Agent Quat-Bouteille de 3.7L,,CAD 1.00,Ventes Produits Non-Divocco,true,,OmniChem,0,0,0,0,cm,kg,,,,,true,,goods,2,,,Active,Gallon de 3.7L,,OC-ABX2560,,,,,,Coût des marchandises vendues - Produits Non-Divocco,,Marchandises en stock,Désinfectant de surface,Produit de désinfection et nettoyage,Agent Quat
3977868000001200025,2023-07-12 00:21:48,2025-02-15 03:04:46,Agent Quat-Bouteille de 500 mL,,CAD 1.00,Ventes Produits Non-Divocco,true,,OmniChem,0,0,0,0,cm,kg,,,,,true,,goods,2,,,Active,Bouteille de 500 mL,,OC-ABX2560-5,,,,,,Coût des marchandises vendues - Produits Non-Divocco,,Marchandises en stock,Désinfectant de surface,Produit de désinfection et nettoyage,Agent Quat
3977868000001200063,2023-07-12 00:21:48,2025-08-04 13:54:37,"Cavicide, Bouteille de 3.78 L",,CAD 40.99,Ventes Produits Non-Divocco,true,,Metrex,0,0,0,0,cm,kg,,,,,true,,goods,2,,,Active,Bouteille de 3.78L,,CavCid3783,,,,,,Coût des marchandises vendues - Produits Non-Divocco,,Marchandises en stock,Désinfectant de surface,Produit de désinfection et nettoyage,Cavicide
3977868000001200065,2023-07-12 00:21:48,2025-02-20 10:16:27,"Cavicide, Bouteille de 710 ml",,CAD 19.99,Ventes Produits Non-Divocco,true,,Metrex,0,0,0,0,cm,kg,,,,,true,,goods,2,,,Active,Bouteille de 1 L,,CavCid7503,,,,,,Coût des marchandises vendues - Produits Non-Divocco,,Marchandises en stock,Désinfectant de surface,Produit de désinfection et nettoyage,Cavicide
3977868000001200089,2023-07-12 00:21:48,2025-07-26 20:51:44,"Caviwipes, Standard",,CAD 14.99,Ventes Produits Non-Divocco,true,,Metrex,0,0,0,0,cm,kg,,,,,true,,goods,2,,,Active,1 Boite de 160 lingettes,,CW-160S,,,,,,Coût des marchandises vendues - Produits Non-Divocco,,Marchandises en stock,Lingettes désinfectantes,Produit de désinfection et nettoyage,Caviwipes
3977868000001200091,2023-07-12 00:21:48,2025-07-26 20:51:44,"Caviwipes, XL",,CAD 15.99,Ventes Produits Non-Divocco,true,,Metrex,0,0,0,0,cm,kg,,,,,true,,goods,2,,,Active,1 Boite de 160 lingettes,,CW-160XL,,,,,,Coût des marchandises vendues - Produits Non-Divocco,,Marchandises en stock,Lingettes désinfectantes,Produit de désinfection et nettoyage,Caviwipes
3977868000001200093,2023-07-12 00:21:48,2025-07-26 20:51:44,"Caviwipes, CaviwipeS 2.0",,CAD 15.99,Ventes Produits Non-Divocco,true,,Metrex,0,0,0,0,cm,kg,,,,,true,,goods,2,,,Active,1 Boite de 160 lingettes,,CW-16020,,,,,,Coût des marchandises vendues - Produits Non-Divocco,,Marchandises en stock,Lingettes désinfectantes,Produit de désinfection et nettoyage,Caviwipes
3977868000001200141,2023-07-12 00:21:48,2025-08-04 13:54:37,Désinfectant à main Gelocco Pomme-Bouteille de 3.7L,,CAD 45.00,Consommables autres (Ligne Divocco),true,Divocco Médical,Divocco Médical,0,0,0,0,cm,kg,,,,,true,,goods,2,,,Active,Gallon de 3.78 L,,BCY378,,,,,,CoGs Consommables autres (Ligne Divocco),,Marchandises en stock,Désinfectant à main,Produit de désinfection et nettoyage,Gelocco Pomme
3977868000001200143,2023-07-12 00:21:48,2025-02-15 03:04:48,Désinfectant à main Gelocco Pomme-Bouteille de 500 mL,,CAD 1.00,Consommables autres (Ligne Divocco),true,Divocco Médical,Divocco Médical,0,0,0,0,cm,kg,,,,,true,,goods,2,,,Active,Bouteille de 500 mL,,BCY500,,,,,,CoGs Consommables autres (Ligne Divocco),,Marchandises en stock,Désinfectant à main,Produit de désinfection et nettoyage,Gelocco Pomme
3977868000001200183,2023-07-12 00:21:49,2025-02-15 03:05:33,Lingette Optim 33-Sèche,,CAD 1.00,Ventes Produits Non-Divocco,true,,SciCan,0,0,0,0,cm,kg,,,,,true,,goods,2,,,Active,Boîte,,SC-L33s,,,,,,Coût des marchandises vendues - Produits Non-Divocco,,Marchandises en stock,Lingettes désinfectantes,Produit de désinfection et nettoyage,Lingette Optim 33
3977868000001200185,2023-07-12 00:21:49,2025-06-05 19:34:07,"Lingette Optim 33, Standard",,CAD 23.99,Ventes Produits Non-Divocco,true,,SciCan,0,0,0,0,cm,kg,,,,,true,,goods,2,,,Active,Boite,,SC-LO33,,,,,,Coût des marchandises vendues - Produits Non-Divocco,,Marchandises en stock,Lingettes désinfectantes,Produit de désinfection et nettoyage,Lingette Optim 33
3977868000001200223,2023-07-12 00:21:49,2025-07-26 20:51:44,"Optim 33, Bouteille de 3.78 L",,CAD 54.99,Ventes Produits Non-Divocco,true,,SciCan,0,0,0,0,cm,kg,,,,,true,,goods,2,,,Active,Bouteille de 3.78L,,SC-Opt333,,,,,,Coût des marchandises vendues - Produits Non-Divocco,,Marchandises en stock,Désinfectant de surface,Produit de désinfection et nettoyage,Optim 33
3977868000001200225,2023-07-12 00:21:49,2024-12-09 03:03:32,Optim 33-Bouteille de 1 L,,CAD 1.00,Ventes Produits Non-Divocco,true,,SciCan,0,0,0,0,cm,kg,,,,,true,,goods,2,,,Active,Bouteille de 1 L,,SC-Opt331,,,,,,Coût des marchandises vendues - Produits Non-Divocco,,Marchandises en stock,Désinfectant de surface,Produit de désinfection et nettoyage,Optim 33
3977868000001200263,2023-07-12 00:21:49,2025-04-16 12:48:49,"Bouteille Bioss,",,CAD 10.99,Ventes Produits Non-Divocco,true,,Bioss,0,0,0,0,cm,kg,,,,,true,,goods,2,,,Active,Bouteille de 500 Ml,,BIOSS-500,,,,,,Coût des marchandises vendues - Produits Non-Divocco,,Marchandises en stock,Désinfectant de surface,Produit de désinfection et nettoyage,Bouteille Bioss
3977868000001200275,2023-07-12 00:21:49,2025-07-26 20:51:44,Bandelette indicatrice Maxitest,,CAD 195.00,Ventes Produits Non-Divocco,true,,Integron,0,0,0,0,cm,kg,,,,,true,,goods,2,,,Active,CAISSE DE 1000,,STP-025HS,,,,,,Coût des marchandises vendues - Produits Non-Divocco,,Marchandises en stock,Bandelette indicatrice,Matériel de stérilisation,Bandelette indicatrice Maxitest de Trazanto
3977868000001200287,2023-07-12 00:21:49,2025-02-15 03:04:48,Applicateurs en coton de Medicom,,CAD 89.00,Ventes Produits Non-Divocco,true,Medicom,Medicom,0,0,0,0,cm,kg,,,,,true,,goods,2,,,Active,"Caisse de 10,000",,Me-803-div,,,,,,Coût des marchandises vendues - Produits Non-Divocco,,Marchandises en stock,Applicateurs,Outils de procédure,Applicateurs en coton de Medicom
3977868000001200299,2023-07-12 00:21:49,2025-07-21 09:35:04,"Verres en carton de Pro-Medix, 5 oz",,CAD 27.99,Ventes Produits Non-Divocco,true,Pro-medix,Pro-Medix,0,0,0,0,cm,kg,,,,,true,,goods,2,,,Active,Caisse de 1000,,PM-SCPC5,,,,,,Coût des marchandises vendues - Produits Non-Divocco,,Marchandises en stock,Gobelet,Gobelets et protection diverse,Verres en carton de Pro-Medix
3977868000001200301,2023-07-12 00:21:49,2024-12-09 03:03:33,"Verres en carton de Pro-Medix, 4 oz",,CAD 26.99,Ventes Produits Non-Divocco,true,Pro-medix,Pro-Medix,0,0,0,0,cm,kg,,,,,true,,goods,2,,,Active,Caisse de 1000,,PM-SCPC4,,,,,,Coût des marchandises vendues - Produits Non-Divocco,,Marchandises en stock,Gobelet,Gobelets et protection diverse,Verres en carton de Pro-Medix
3977868000001200319,2023-07-12 00:21:50,2025-02-15 03:04:48,Appuie-tête en papier - Medicom-9.5''X 11'',,CAD 1.00,Ventes Produits Non-Divocco,true,Medicom,Medicom,0,0,0,0,cm,kg,,,,,true,,goods,2,,,Active,Paquet de 500,,Me-3019-Div,,,,,,Coût des marchandises vendues - Produits Non-Divocco,,Marchandises en stock,Couvre appuie-tête,Bavette dentaire et couvre-surface,Appuie-tête en papier - Medicom
3977868000001200331,2023-07-12 00:21:50,2025-02-15 03:04:48,Appuie-tête en plastique - Medicom-9.5''X 11'',,CAD 1.00,Ventes Produits Non-Divocco,true,Medicom,Medicom,0,0,0,0,cm,kg,,,,,true,,goods,2,,,Active,Paquet de 500,,Me-34449-Div,,,,,,Coût des marchandises vendues - Produits Non-Divocco,,Marchandises en stock,Couvre appuie-tête,Bavette dentaire et couvre-surface,Appuie-tête en plastique - Medicom
3977868000001200343,2023-07-12 00:21:50,2025-07-07 15:32:28,Couvre/Appuie tete de Medicom,,CAD 1.00,Ventes Produits Non-Divocco,true,,Medicom,0,0,0,0,cm,kg,,,,,true,,goods,2,,,Active,Paquet de 500,,Me-3017AMD,,,,,,Coût des marchandises vendues - Produits Non-Divocco,,Marchandises en stock,*Produits d/c en liquidation d'inventaire,,Couvre/Appuie tete
3977868000001200355,2023-07-12 00:21:50,2025-07-26 20:51:44,Éjecteurs à salive de Medicom,,CAD 1.00,Ventes Produits Non-Divocco,true,,Medicom,0,0,0,0,cm,kg,,,,,true,,goods,2,,,Active,Boite de 1000,,SE100-Div,,,,,,Coût des marchandises vendues - Produits Non-Divocco,,Marchandises en stock,Éjecteur à salive,Outils de procédure,Éjecteurs à salive
3977868000001200399,2023-07-12 00:21:50,2025-02-15 03:04:49,"CSR Wrap de NNA MEDICAL, 20 x 20",,CAD 84.99,Ventes Produits Non-Divocco,true,NNA Medical,NNA Medical,0,0,0,0,cm,kg,,,,,true,,goods,2,,,Active,Caisse de 500,,NNA-5050,,,,,,Coût des marchandises vendues - Produits Non-Divocco,,Marchandises en stock,Emballage CSR,Matériel de stérilisation,CSR Wrap de NNA MEDICAL
3977868000001200401,2023-07-12 00:21:50,2025-02-15 03:04:49,"CSR Wrap de NNA MEDICAL, 15 x 15",,CAD 82.99,Ventes Produits Non-Divocco,true,NNA Medical,NNA Medical,0,0,0,0,cm,kg,,,,,true,,goods,2,,,Active,caisse de 500,,NNA-4040,,,,,,Coût des marchandises vendues - Produits Non-Divocco,,Marchandises en stock,Emballage CSR,Matériel de stérilisation,CSR Wrap de NNA MEDICAL
3977868000001200419,2023-07-12 00:21:50,2025-07-29 15:05:57,Bavette dentaire 3 plis-Bleu NNA,,CAD 1.00,Ventes Produits Non-Divocco,true,NNA Medical,NNA Medical,0,0,0,0,cm,kg,,,,,true,,goods,2,,,Active,Caisse de 500,,NNA-12301,,,,,,Coût des marchandises vendues - Produits Non-Divocco,,Marchandises en stock,Bavette dentaire,Bavette dentaire et couvre-surface,Bavette dentaire 3 plis
3977868000001200421,2023-07-12 00:21:50,2025-07-26 20:51:44,Bavette dentaire 3 plis-Rose NNA,,CAD 1.00,Ventes Produits Non-Divocco,true,NNA Medical,NNA Medical,0,0,0,0,cm,kg,,,,,true,,goods,2,,,Active,Caisse de 500,,NNA-12302,,,,,,Coût des marchandises vendues - Produits Non-Divocco,,Marchandises en stock,Bavette dentaire,Bavette dentaire et couvre-surface,Bavette dentaire 3 plis
3977868000001200439,2023-07-12 00:21:51,2025-04-16 12:22:53,"Masques Divocco à lacet, Niveau 3, Bleu",,CAD 7.99,Consommables autres (Ligne Divocco),true,,Divocco Médical,0,0,0,0,cm,kg,,,,,true,,goods,2,,,Active,Boite de 50,,2000-Div,,,,,,CoGs Consommables autres (Ligne Divocco),,Marchandises en stock,Masque médical,,"Masques Divocco à lacet, niveau 3"
3977868000001203633,2023-07-12 06:58:14,2025-04-03 10:22:17,Vital Touch Latex Gant chirurgical stérile blanc sans poudre-Sans poudre-7,,CAD 1.00,Ventes Produits Non-Divocco,false,,Medicom,0,0,0,0,,,,,,,true,,goods,5,,,Active,Boite de 50 paires,,Me--277036,,,,,,Coût des marchandises vendues - Produits Non-Divocco,,Marchandises en stock,Gants latex,Gants,
3977868000001203644,2023-07-12 06:58:14,2024-12-09 03:04:47,Vital Touch Latex Gant de chirurgie stérile blanc sans poudre-Sans poudre-8,,CAD 1.00,Ventes Produits Non-Divocco,false,,Medicom,0,0,0,0,,,,,,,true,,goods,5,,,Active,Boite de 50 paires,,Me--277005,,,,,,Coût des marchandises vendues - Produits Non-Divocco,,Marchandises en stock,Gants latex,Gants,
3977868000001083337,2023-07-12 07:44:10,2025-07-31 10:45:26,"Gants DivoSkin +, nitrile, S",,CAD 26.99,Gants non-stériles (Ligne Divocco),true,,Divocco Médical,0,0,0,0,cm,kg,,,,,true,,goods,1,,,Active,Boite de 300,,4002,"DivoSkin+ s, OM-204-322, 204-322",628678719071,,,,CoGs Gants non-stériles (Ligne Divocco),,Marchandises en stock,Gants nitrile,Gants,"Gants DivoSkin +, nitrile"
3977868000001083347,2023-07-12 07:45:08,2025-08-04 11:03:50,"Gants DivoSkin +, nitrile, XS",,CAD 26.99,Gants non-stériles (Ligne Divocco),true,,Divocco Médical,0,0,0,0,cm,kg,,,,,true,,goods,1,,,Active,Boite de 300,,4001,"DivoSkin+ xs, 204-321, OM-204-321",628678719064,,,,CoGs Gants non-stériles (Ligne Divocco),,Marchandises en stock,Gants nitrile,Gants,"Gants DivoSkin +, nitrile"
3977868000001083359,2023-07-12 07:47:08,2025-07-22 14:17:40,"Gants DivoSkin +, nitrile, XL",,CAD 26.99,Gants non-stériles (Ligne Divocco),true,Divocco Médical,Divocco Médical,0,0,0,0,cm,kg,,,,,true,,goods,1,,,Active,Boite de 300,,4005,"DivoSkin+ xl, OM-204-325, 204-325",628678719101,,,,CoGs Gants non-stériles (Ligne Divocco),,Marchandises en stock,Gants nitrile,Gants,"Gants DivoSkin +, nitrile"
3977868000001264001,2023-07-14 11:04:22,2025-02-15 03:05:35,"Masque Safemask Premier Elite, Niveau 3, Bleu",,CAD 21.99,Ventes Produits Non-Divocco,true,Medicom,Medicom,0,0,0,0,cm,kg,,,,,true,,goods,1,,,Active,Boite de 50,,Me-2042,,,,,,Coût des marchandises vendues - Produits Non-Divocco,,Marchandises en stock,Masque niveau 3,Masque médical,Masque Safemask Premier Elite
3977868000001264003,2023-07-14 11:04:22,2025-02-15 03:05:35,"Masque Safemask Premier Elite, Niveau 3, Rose",,CAD 21.99,Ventes Produits Non-Divocco,true,Medicom,Medicom,0,0,0,0,cm,kg,,,,,true,,goods,1,,,Active,Boite de 50,,Me-2046,,,,,,Coût des marchandises vendues - Produits Non-Divocco,,Marchandises en stock,Masque niveau 3,Masque médical,Masque Safemask Premier Elite
3977868000001264005,2023-07-14 11:04:22,2025-02-15 03:05:35,"Masque Safemask Premier Elite, Niveau 3, Lavande",,CAD 21.99,Ventes Produits Non-Divocco,true,Medicom,Medicom,0,0,0,0,cm,kg,,,,,true,,goods,1,,,Active,Boite de 50,,Me-2044,,,,,,Coût des marchandises vendues - Produits Non-Divocco,,Marchandises en stock,Masque niveau 3,Masque médical,Masque Safemask Premier Elite
3977868000001264007,2023-07-14 11:04:22,2025-07-26 20:51:44,"Masque Safemask Premier Elite, Niveau 3, Blanc",,CAD 21.99,Ventes Produits Non-Divocco,true,Medicom,Medicom,0,0,0,0,cm,kg,,,,,true,,goods,1,,,Active,Boite de 50,,Me-2047,,,,,,Coût des marchandises vendues - Produits Non-Divocco,,Marchandises en stock,Masque niveau 3,Masque médical,Masque Safemask Premier Elite
3977868000001319007,2023-07-18 12:22:09,2025-02-15 03:05:36,Frais de livraison,,CAD 15.00,Frais d’expédition (ventes),true,,,0,0,0,0,cm,kg,,,,,true,,goods,1,,,Active,Unité,,Ship,"Ship, shipping",,,,,Coût du transporteur (vers client),,Marchandises en stock,,,
3977868000001319020,2023-07-18 14:39:07,2025-07-26 20:51:44,"Gants Duracore Série E (3 mil), S",,CAD 9.99,Ventes Produits Non-Divocco,true,Duracore,Duracore,0,0,0,0,cm,kg,,,,,true,,goods,1,,,Active,Boite de 100,,Du-E2910,,,,,,Coût des marchandises vendues - Produits Non-Divocco,,Marchandises en stock,Gants nitrile,Gants,Gants Duracore Série E (3 mil)
3977868000001319022,2023-07-18 14:39:07,2025-08-04 09:37:02,"Gants Duracore Série E (3 mil), M",,CAD 9.99,Ventes Produits Non-Divocco,true,Duracore,Duracore,0,0,0,0,,,,,,,true,,goods,1,,,Active,Boite de 100,,Du-E2920,,,,,,Coût des marchandises vendues - Produits Non-Divocco,,Marchandises en stock,Gants nitrile,Gants,Gants Duracore Série E (3 mil)
3977868000001319024,2023-07-18 14:39:07,2024-12-09 03:04:51,"Gants Duracore Série E (3 mil), L",,CAD 9.99,Ventes Produits Non-Divocco,true,Duracore,Duracore,0,0,0,0,,,,,,,true,,goods,1,,,Active,Boite de 100,,Du-E2930,,,,,,Coût des marchandises vendues - Produits Non-Divocco,,Marchandises en stock,Gants nitrile,Gants,Gants Duracore Série E (3 mil)
3977868000001369017,2023-07-20 10:00:52,2025-02-15 03:05:36,"Bonnet Bouffant Medicom® SafeBasics®, 21 po, Blanc",,CAD 40.99,Ventes Produits Non-Divocco,true,Medicom,Medicom,0,0,0,0,cm,kg,,,,,true,,goods,1,,,Active,Caisse de 500,,Me-800,,,,,,Coût des marchandises vendues - Produits Non-Divocco,,Marchandises en stock,Bonnets,Gobelets et protection diverse,Bonnet Bouffant Medicom® SafeBasics®
3977868000001369019,2023-07-20 10:00:52,2025-02-15 03:05:36,"Bonnet Bouffant Medicom® SafeBasics®, 21 po, Bleu",,CAD 40.99,Ventes Produits Non-Divocco,true,Medicom,Medicom,0,0,0,0,cm,kg,,,,,true,,goods,1,,,Active,Caisse de 500,,Me-8002,,,,,,Coût des marchandises vendues - Produits Non-Divocco,,Marchandises en stock,Bonnets,Gobelets et protection diverse,Bonnet Bouffant Medicom® SafeBasics®
3977868000001369021,2023-07-20 10:00:52,2025-07-26 20:51:44,"Bonnet Bouffant Medicom® SafeBasics®, 24 po, Blanc",,CAD 40.99,Ventes Produits Non-Divocco,true,Medicom,Medicom,0,0,0,0,cm,kg,,,,,true,,goods,1,,,Active,Boite de 100,,Me-8003,,,,,,Coût des marchandises vendues - Produits Non-Divocco,,Marchandises en stock,Bonnets,Gobelets et protection diverse,Bonnet Bouffant Medicom® SafeBasics®
3977868000001369023,2023-07-20 10:00:52,2024-12-09 03:04:52,"Bonnet Bouffant Medicom® SafeBasics®, 24 po, Bleu",,CAD 40.99,Ventes Produits Non-Divocco,true,Medicom,Medicom,0,0,0,0,,,,,,,true,,goods,1,,,Active,Caisse de 500,,Me-8004,,,,,,Coût des marchandises vendues - Produits Non-Divocco,,Marchandises en stock,Bonnets,Gobelets et protection diverse,Bonnet Bouffant Medicom® SafeBasics®
3977868000001475090,2023-07-26 14:49:41,2025-02-15 03:05:37,Ejecteur a salive Dentow Dental,,CAD 1.00,Ventes Produits Non-Divocco,true,,Dentow Dental,0,0,0,0,cm,kg,,,,,true,,goods,1,,,Active,Caisse de 1000,,DD-SE9901,,,,,,Coût des marchandises vendues - Produits Non-Divocco,,Marchandises en stock,Éjecteur à salive,Outils de procédure,
3977868000001526311,2023-07-28 14:25:47,2025-06-17 10:03:51,Gants Duracore Série W (blanc)-S,,CAD 1.00,Ventes Produits Non-Divocco,true,,Duracore,0,0,0,0,cm,kg,,,,,true,,goods,1,,,Active,boite de 300,boite de 300,Du-W2702,,,,,,Coût des marchandises vendues - Produits Non-Divocco,,Marchandises en stock,Gants nitrile,Gants,Gants Duracore nitrile Série W
3977868000001626401,2023-08-02 15:49:38,2025-02-15 03:05:37,"Gants Duracore Vinyle, XS, Transparent",,CAD 6.49,Ventes Produits Non-Divocco,false,,Duracore,0,0,0,0,cm,kg,,,,,true,,goods,5,,,Active,Boite de 100,,Du-DC3000,,,,,,Coût des marchandises vendues - Produits Non-Divocco,,Marchandises en stock,,,
3977868000001626412,2023-08-02 15:49:38,2025-07-26 20:51:44,"Gants Duracore Vinyle, S, Transparent",,CAD 6.49,Ventes Produits Non-Divocco,false,,Duracore,0,0,0,0,cm,kg,,,,,true,,goods,5,,,Active,Boite de 100,,Du-DC3010,,,,,,Coût des marchandises vendues - Produits Non-Divocco,,Marchandises en stock,,,
3977868000001626423,2023-08-02 15:49:38,2025-07-26 20:51:44,"Gants Duracore Vinyle, M, Transparent",,CAD 6.49,Ventes Produits Non-Divocco,false,,Duracore,0,0,0,0,cm,kg,,,,,true,,goods,5,,,Active,Boite de 100,,Du-DC3020,,,,,,Coût des marchandises vendues - Produits Non-Divocco,,Marchandises en stock,,,
3977868000001626434,2023-08-02 15:49:38,2025-07-26 20:51:44,"Gants Duracore Vinyle, L, Transparent",,CAD 6.49,Ventes Produits Non-Divocco,false,,Duracore,0,0,0,0,cm,kg,,,,,true,,goods,5,,,Active,Boite de 100,,Du-DC3030,,,,,,Coût des marchandises vendues - Produits Non-Divocco,,Marchandises en stock,,,
3977868000001668219,2023-08-03 11:23:28,2025-07-26 20:51:44,Cotton roll NNA,,CAD 26.00,Ventes Produits Non-Divocco,true,,NNA Medical,0,0,0,0,cm,kg,,,,,true,,goods,1,,,Active,Paquet de 2000,,100-CR1038,,,,,,Coût des marchandises vendues - Produits Non-Divocco,,Marchandises en stock,"Compresse, gaze et cotton",,
3977868000001668775,2023-08-03 12:56:34,2025-02-15 03:05:39,"Gants Duracore nitrile Série W, XS",,CAD 22.99,Ventes Produits Non-Divocco,true,Duracore,Duracore,0,0,0,0,cm,kg,,,,,true,,goods,1,,,Active,Boite de 300,,Du-W2701,,,,,,Coût des marchandises vendues - Produits Non-Divocco,,Marchandises en stock,Gants nitrile,Gants,Gants Duracore nitrile Série W
3977868000001668779,2023-08-03 12:56:34,2025-06-17 10:03:51,"Gants Duracore nitrile Série W, M",,CAD 22.99,Ventes Produits Non-Divocco,true,Duracore,Duracore,0,0,0,0,cm,kg,,,,,true,,goods,1,,,Active,Boite de 300,,Du-W2703,,,,,,Coût des marchandises vendues - Produits Non-Divocco,,Marchandises en stock,Gants nitrile,Gants,Gants Duracore nitrile Série W
3977868000001668781,2023-08-03 12:56:34,2025-02-15 03:05:39,"Gants Duracore nitrile Série W, L",,CAD 22.99,Ventes Produits Non-Divocco,true,Duracore,Duracore,0,0,0,0,cm,kg,,,,,true,,goods,1,,,Active,Boite de 300,,Du-W2704,,,,,,Coût des marchandises vendues - Produits Non-Divocco,,Marchandises en stock,Gants nitrile,Gants,Gants Duracore nitrile Série W
3977868000001668783,2023-08-03 12:56:34,2025-02-15 03:05:39,"Gants Duracore nitrile Série W, XL",,CAD 22.99,Ventes Produits Non-Divocco,true,Duracore,Duracore,0,0,0,0,cm,kg,,,,,true,,goods,1,,,Active,Boite de 300,,Du-W2705,,,,,,Coût des marchandises vendues - Produits Non-Divocco,,Marchandises en stock,Gants nitrile,Gants,Gants Duracore nitrile Série W
3977868000001668819,2023-08-03 13:02:13,2025-07-26 20:51:44,"Gants Duracore Série R, S",,CAD 10.99,Ventes Produits Non-Divocco,true,Duracore,Duracore,0,0,0,0,,,,,,,true,,goods,1,,,Active,Boite100,,Du-R2910,,,,,,Coût des marchandises vendues - Produits Non-Divocco,,Marchandises en stock,Gants nitrile,Gants,Gants Duracore Série R
3977868000001668821,2023-08-03 13:02:13,2025-02-15 03:05:40,"Gants Duracore Série R, M",,CAD 10.99,Ventes Produits Non-Divocco,true,Duracore,Duracore,0,0,0,0,,,,,,,true,,goods,1,,,Active,Boite100,,Du-R2920,,,,,,Coût des marchandises vendues - Produits Non-Divocco,,Marchandises en stock,Gants nitrile,Gants,Gants Duracore Série R
3977868000001668823,2023-08-03 13:02:13,2025-02-15 03:05:40,"Gants Duracore Série R, L",,CAD 10.99,Ventes Produits Non-Divocco,true,Duracore,Duracore,0,0,0,0,,,,,,,true,,goods,1,,,Active,Boite100,,Du-R2930,,,,,,Coût des marchandises vendues - Produits Non-Divocco,,Marchandises en stock,Gants nitrile,Gants,Gants Duracore Série R
3977868000001668825,2023-08-03 13:02:13,2025-02-15 03:05:40,"Gants Duracore Série R, XL",,CAD 10.99,Ventes Produits Non-Divocco,true,Duracore,Duracore,0,0,0,0,,,,,,,true,,goods,1,,,Active,Boite100,,Du-R2940,,,,,,Coût des marchandises vendues - Produits Non-Divocco,,Marchandises en stock,Gants nitrile,Gants,Gants Duracore Série R
3977868000001668877,2023-08-03 13:07:52,2025-02-15 03:06:10,"Gants Duracore Série K (orange), M",,CAD 14.99,Ventes Produits Non-Divocco,true,Duracore,Duracore,0,0,0,0,,,,,,,true,,goods,1,,,Active,Boite100,,Du-K72270,,,,,,Coût des marchandises vendues - Produits Non-Divocco,,Marchandises en stock,Gants nitrile,Gants,Gants Duracore Série K (orange)
3977868000001668879,2023-08-03 13:07:52,2025-02-15 03:06:11,"Gants Duracore Série K (orange), L",,CAD 14.99,Ventes Produits Non-Divocco,true,Duracore,Duracore,0,0,0,0,,,,,,,true,,goods,1,,,Active,Boite100,,Du-K72280,,,,,,Coût des marchandises vendues - Produits Non-Divocco,,Marchandises en stock,Gants nitrile,Gants,Gants Duracore Série K (orange)
3977868000001668881,2023-08-03 13:07:52,2025-02-15 03:06:11,"Gants Duracore Série K (orange), XL",,CAD 14.99,Ventes Produits Non-Divocco,true,Duracore,Duracore,0,0,0,0,,,,,,,true,,goods,1,,,Active,Boite100,,Du-K72290,,,,,,Coût des marchandises vendues - Produits Non-Divocco,,Marchandises en stock,Gants nitrile,Gants,Gants Duracore Série K (orange)
3977868000001668883,2023-08-03 13:07:52,2025-02-15 03:06:11,"Gants Duracore Série K (orange), XXL",,CAD 14.99,Ventes Produits Non-Divocco,true,Duracore,Duracore,0,0,0,0,,,,,,,true,,goods,1,,,Active,Boite100,,Du-K72295,,,,,,Coût des marchandises vendues - Produits Non-Divocco,,Marchandises en stock,Gants nitrile,Gants,Gants Duracore Série K (orange)
3977868000001668913,2023-08-03 13:11:44,2025-02-15 03:06:11,"Gants Duracore Série X (8 mil), M",,CAD 12.99,Ventes Produits Non-Divocco,true,Duracore,Duracore,0,0,0,0,,,,,,,true,,goods,1,,,Active,Boite de 50,,Du-X82270,,,,,,Coût des marchandises vendues - Produits Non-Divocco,,Marchandises en stock,Gants nitrile,Gants,Gants Duracore Série X (8 mil)
3977868000001668915,2023-08-03 13:11:44,2025-02-15 03:06:11,"Gants Duracore Série X (8 mil), L",,CAD 12.99,Ventes Produits Non-Divocco,true,Duracore,Duracore,0,0,0,0,,,,,,,true,,goods,1,,,Active,Boite de 50,,Du-X82280,,,,,,Coût des marchandises vendues - Produits Non-Divocco,,Marchandises en stock,Gants nitrile,Gants,Gants Duracore Série X (8 mil)
3977868000001668917,2023-08-03 13:11:44,2025-02-15 03:06:12,"Gants Duracore Série X (8 mil), XL",,CAD 12.99,Ventes Produits Non-Divocco,true,Duracore,Duracore,0,0,0,0,,,,,,,true,,goods,1,,,Active,Boite de 50,,Du-X82290,,,,,,Coût des marchandises vendues - Produits Non-Divocco,,Marchandises en stock,Gants nitrile,Gants,Gants Duracore Série X (8 mil)
3977868000001668919,2023-08-03 13:11:44,2025-02-15 03:06:12,"Gants Duracore Série X (8 mil), XXL",,CAD 12.99,Ventes Produits Non-Divocco,true,Duracore,Duracore,0,0,0,0,,,,,,,true,,goods,1,,,Active,Boite de 50,,Du-X82295,,,,,,Coût des marchandises vendues - Produits Non-Divocco,,Marchandises en stock,Gants nitrile,Gants,Gants Duracore Série X (8 mil)
3977868000001668971,2023-08-03 13:14:26,2025-07-26 20:51:44,"Gants Duracore série B6 NOIR (6mil), S",,CAD 10.99,Ventes Produits Non-Divocco,true,Duracore,Duracore,0,0,0,0,cm,kg,,,,,true,,goods,1,,,Active,Boite100,,Du-B62260,,,,,,Coût des marchandises vendues - Produits Non-Divocco,,Marchandises en stock,Gants nitrile,Gants,Gants Duracore série B6 NOIR (6mil)
3977868000001668973,2023-08-03 13:14:26,2025-04-08 12:45:56,"Gants Duracore série B6 NOIR (6mil), M",,CAD 10.99,Ventes Produits Non-Divocco,true,Duracore,Duracore,0,0,0,0,,,,,,,true,,goods,1,,,Active,Boite100,,Du-B62270,,,,,,Coût des marchandises vendues - Produits Non-Divocco,,Marchandises en stock,Gants nitrile,Gants,Gants Duracore série B6 NOIR (6mil)
3977868000001668975,2023-08-03 13:14:26,2025-02-15 03:06:12,"Gants Duracore série B6 NOIR (6mil), L",,CAD 10.99,Ventes Produits Non-Divocco,true,Duracore,Duracore,0,0,0,0,,,,,,,true,,goods,1,,,Active,Boite100,,Du-B62280,,,,,,Coût des marchandises vendues - Produits Non-Divocco,,Marchandises en stock,Gants nitrile,Gants,Gants Duracore série B6 NOIR (6mil)
3977868000001668977,2023-08-03 13:14:26,2025-07-26 20:51:44,"Gants Duracore série B6 NOIR (6mil), XL",,CAD 10.99,Ventes Produits Non-Divocco,true,Duracore,Duracore,0,0,0,0,,,,,,,true,,goods,1,,,Active,Boite100,,Du-B62290,,,,,,Coût des marchandises vendues - Produits Non-Divocco,,Marchandises en stock,Gants nitrile,Gants,Gants Duracore série B6 NOIR (6mil)
3977868000001679062,2023-08-03 14:10:23,2024-12-09 03:05:58,"SafeMask Tailormade, Bleu Niveau 1",,CAD 16.99,Ventes Produits Non-Divocco,true,Medicom,Medicom,0,0,0,0,cm,kg,,,,,true,,goods,1,,,Active,Boite de 50,,Me-2070,,,,,,Coût des marchandises vendues - Produits Non-Divocco,,Marchandises en stock,Masque médical,,SafeMask Tailormade
3977868000001679064,2023-08-03 14:10:23,2024-12-09 03:05:58,"SafeMask Tailormade, Bleu Niveau 3",,CAD 21.99,Ventes Produits Non-Divocco,true,Medicom,Medicom,0,0,0,0,,,,,,,true,,goods,1,,,Active,Boite de 50,,Me-2072,,,,,,Coût des marchandises vendues - Produits Non-Divocco,,Marchandises en stock,Masque médical,,SafeMask Tailormade
3977868000001679066,2023-08-03 14:10:23,2024-12-09 03:05:58,"SafeMask Tailormade, Rose Niveau 1",,CAD 16.99,Ventes Produits Non-Divocco,true,Medicom,Medicom,0,0,0,0,,,,,,,true,,goods,1,,,Active,Boite de 50,,Me-2071,,,,,,Coût des marchandises vendues - Produits Non-Divocco,,Marchandises en stock,Masque médical,,SafeMask Tailormade
3977868000001741962,2023-08-07 15:44:12,2025-02-15 03:04:34,Gants SafeTouch Advanced - XS,,CAD 14.00,Ventes Produits Non-Divocco,false,Medicom,Medicom,0,0,0,0,cm,kg,,,,,true,,goods,5,,,Active,Boite de 200,,Me-1177-A,,,,,,Coût des marchandises vendues - Produits Non-Divocco,,Marchandises en stock,Gants nitrile,Gants,Gants SafeTouch Advanced
3977868000001741973,2023-08-07 15:44:13,2025-07-26 20:51:44,Gants SafeTouch Advanced- S,,CAD 14.00,Ventes Produits Non-Divocco,true,Medicom,Medicom,0,0,0,0,cm,kg,,,,,true,,goods,5,,,Active,Boite de 200,,Me-1177-B,,,,,,Coût des marchandises vendues - Produits Non-Divocco,,Marchandises en stock,Gants nitrile,Gants,Gants SafeTouch Advanced
3977868000001741995,2023-08-07 15:44:13,2025-02-15 03:04:35,Gants SafeTouch Advanced- L,,CAD 14.00,Ventes Produits Non-Divocco,false,Medicom,Medicom,0,0,0,0,cm,kg,,,,,true,,goods,5,,,Active,Boite de 200,,Me-1177-D,,,,,,Coût des marchandises vendues - Produits Non-Divocco,,Marchandises en stock,Gants nitrile,Gants,Gants SafeTouch Advanced
3977868000001742006,2023-08-07 15:44:13,2025-02-15 03:04:35,Gants SafeTouch Advanced- XL,,CAD 14.00,Ventes Produits Non-Divocco,false,Medicom,Medicom,0,0,0,0,cm,kg,,,,,true,,goods,5,,,Active,Boite de 200,,Me-1177-E,,,,,,Coût des marchandises vendues - Produits Non-Divocco,,Marchandises en stock,Gants nitrile,Gants,Gants SafeTouch Advanced
3977868000001742017,2023-08-07 15:44:17,2025-02-15 03:04:35,Medicom SafeBasics True Fit Thin Nitrile Glove Powder Free Textured-XL-Bleu,,CAD 1.00,Ventes Produits Non-Divocco,false,,Medicom,0,0,0,0,cm,kg,,,,,true,,goods,5,,,Active,Boite de 300,,Me-1185-E,,,,,,Coût des marchandises vendues - Produits Non-Divocco,,Marchandises en stock,Gants nitrile,Gants,
3977868000001743210,2023-08-07 15:44:44,2025-02-15 03:04:37,Couvre plateau Médicom 9X13.5,,CAD 1.00,Ventes Produits Non-Divocco,false,,Medicom,0,0,0,0,cm,kg,,,,,true,,goods,5,,,Active,caisse de 1000,,Me-5595,,,,,,Coût des marchandises vendues - Produits Non-Divocco,,Marchandises en stock,Couvre plateau,Bavette dentaire et couvre-surface,
3977868000001951093,2023-08-16 09:19:10,2025-04-14 11:23:04,Produit pour test,,CAD 20.00,Ventes Produits Non-Divocco,true,,,0,0,0,0,cm,kg,,,,,true,,goods,1,,,Active,boite,,test,,,,,,Coût des marchandises vendues - Produits Non-Divocco,,Marchandises en stock,Couvre plateau,Bavette dentaire et couvre-surface,test
3977868000002257090,2023-08-29 14:16:57,2025-07-26 20:51:44,Gants Medisca-L/Noir,,CAD 0.00,Ventes Produits Non-Divocco,true,,Medisca,0,0,0,0,cm,kg,,,,,true,,goods,1,,,Active,boite100,boite de 100,Ms-5975,,,,,,Coût des marchandises vendues - Produits Non-Divocco,,Marchandises en stock,*Produits d/c en liquidation d'inventaire,,Gants Medisca
3977868000002528468,2023-09-11 10:48:12,2025-02-15 03:06:16,"Gobelets en plastique jetables CHEETA, Bleu",,CAD 28.99,Ventes Produits Non-Divocco,true,,Cheeta,0,0,0,0,cm,kg,,,,,true,,goods,1,,,Active,Caisse de 1000,,CH-CPL51,,,,,,Coût des marchandises vendues - Produits Non-Divocco,,Marchandises en stock,Gobelet,Gobelets et protection diverse,Gobelets en plastique jetables CHEETA
3977868000002528470,2023-09-11 10:48:12,2025-07-21 09:33:22,"Gobelets en plastique jetables CHEETA, Lavande",,CAD 28.99,Ventes Produits Non-Divocco,true,,Cheeta,0,0,0,0,,,,,,,true,,goods,1,,,Active,Caisse de 1000,,CH-CPL56,,,,,,Coût des marchandises vendues - Produits Non-Divocco,,Marchandises en stock,Gobelet,Gobelets et protection diverse,Gobelets en plastique jetables CHEETA
3977868000002528472,2023-09-11 10:48:12,2025-07-18 13:33:12,"Gobelets en plastique jetables CHEETA, BLanc",,CAD 28.99,Ventes Produits Non-Divocco,true,,Cheeta,0,0,0,0,,,,,,,true,,goods,1,,,Active,Caisse de 1000,,CH-CPL58,,,,,,Coût des marchandises vendues - Produits Non-Divocco,,Marchandises en stock,Gobelet,Gobelets et protection diverse,Gobelets en plastique jetables CHEETA
3977868000002528772,2023-09-11 12:20:53,2025-07-26 20:51:44,"Gants Duracore série BM Noir (5.2mil), S",,CAD 10.99,Ventes Produits Non-Divocco,true,,Duracore,0,0,0,0,cm,kg,,,,,true,,goods,1,,,Active,Boite100,,Du-BM5502,,,,,,Coût des marchandises vendues - Produits Non-Divocco,,Marchandises en stock,Gants nitrile,Gants,Gants Duracore série BM Noir (5.2mil)
3977868000002528774,2023-09-11 12:20:53,2025-07-26 20:51:44,"Gants Duracore série BM Noir (5.2mil), M",,CAD 10.99,Ventes Produits Non-Divocco,true,,Duracore,0,0,0,0,,,,,,,true,,goods,1,,,Active,Boite100,,Du-BM5503,,,,,,Coût des marchandises vendues - Produits Non-Divocco,,Marchandises en stock,Gants nitrile,Gants,Gants Duracore série BM Noir (5.2mil)
3977868000002528776,2023-09-11 12:20:53,2025-07-26 20:51:44,"Gants Duracore série BM Noir (5.2mil), L",,CAD 10.99,Ventes Produits Non-Divocco,true,,Duracore,0,0,0,0,,,,,,,true,,goods,1,,,Active,Boite100,,Du-BM5504,,,,,,Coût des marchandises vendues - Produits Non-Divocco,,Marchandises en stock,Gants nitrile,Gants,Gants Duracore série BM Noir (5.2mil)
3977868000002528778,2023-09-11 12:20:53,2025-07-26 20:51:44,"Gants Duracore série BM Noir (5.2mil), XL",,CAD 10.99,Ventes Produits Non-Divocco,true,,Duracore,0,0,0,0,,,,,,,true,,goods,1,,,Active,Boite100,,Du-BM5505,,,,,,Coût des marchandises vendues - Produits Non-Divocco,,Marchandises en stock,Gants nitrile,Gants,Gants Duracore série BM Noir (5.2mil)
3977868000002528780,2023-09-11 12:20:53,2025-02-15 03:06:17,"Gants Duracore série BM Noir (5.2mil), XXL",,CAD 10.99,Ventes Produits Non-Divocco,true,,Duracore,0,0,0,0,,,,,,,true,,goods,1,,,Active,Boite100,,Du-BM5506,,,,,,Coût des marchandises vendues - Produits Non-Divocco,,Marchandises en stock,Gants nitrile,Gants,Gants Duracore série BM Noir (5.2mil)
3977868000002633615,2023-09-14 15:51:44,2025-02-15 03:06:17,Blouse de protection,,CAD 0.00,Ventes Produits Non-Divocco,true,,Duracore,0,0,0,0,cm,kg,,,,,true,,goods,1,,,Active,paquet de 10,,Du-BP1010,,,,,,Coût des marchandises vendues - Produits Non-Divocco,,Marchandises en stock,Blouse de protection,Gobelets et protection diverse,
3977868000003199248,2023-10-12 15:09:18,2025-02-15 03:06:17,Cavicide-Bouteille de 3.78 L (1MIN),,CAD 0.00,Ventes Produits Non-Divocco,true,,Metrex,0,0,0,0,cm,kg,,,,,true,,goods,1,,,Active,Bidon de 3.78L,Bidon de 3.78L,CavCid3781,,,,,,Coût des marchandises vendues - Produits Non-Divocco,,Marchandises en stock,Produit de désinfection et nettoyage,,
3977868000003256078,2023-10-16 10:09:02,2025-07-26 20:51:44,Verres en carton NNA Médical 4oz,,CAD 0.00,Ventes Produits Non-Divocco,true,,NNA Medical,0,0,0,0,cm,kg,,,,,true,,goods,1,,,Active,caisse de 1000,,NNA-9902,,,,,,Coût des marchandises vendues - Produits Non-Divocco,,Marchandises en stock,Gobelet,Gobelets et protection diverse,
3977868000003256105,2023-10-16 10:14:23,2025-07-28 08:12:28,Pellicule protectrice NNA Médical bleu,,CAD 0.00,Ventes Produits Non-Divocco,true,,NNA Medical,0,0,0,0,cm,kg,,,,,true,,goods,1,,,Active,rouleau de 1200 feuilles,,NNA-9903,,,,,,Coût des marchandises vendues - Produits Non-Divocco,,Marchandises en stock,Couvre plateau,Bavette dentaire et couvre-surface,
3977868000003300716,2023-10-18 12:18:05,2025-05-27 11:39:50,SafeBasics Dental TrayCovers,,CAD 0.00,Ventes Produits Non-Divocco,true,,Medicom,0,0,0,0,cm,kg,,,,,true,,goods,1,,,Active,caisse de 1000,,Me-5593,,,,,,Coût des marchandises vendues - Produits Non-Divocco,,Marchandises en stock,Couvre plateau,Bavette dentaire et couvre-surface,
3977868000003387553,2023-10-23 14:45:36,2025-07-26 20:51:44,Emballage CSR pour Stérilisation Halyard -12x12,,CAD 0.00,Ventes Produits Non-Divocco,true,,Halyard,0,0,0,0,cm,kg,,,,,true,,goods,1,,,Active,Sachet de 100,,Ha-37046,,,,,,Coût des marchandises vendues - Produits Non-Divocco,,Marchandises en stock,Emballage CSR,Matériel de stérilisation,Emballage CSR pour Stérilisation 15x15 HALYARD
3977868000003387555,2023-10-23 14:45:36,2025-07-30 16:05:20,Emballage CSR pour Stérilisation Halyard -15x15,,CAD 13.00,Ventes Produits Non-Divocco,true,Medicom,Halyard,0,0,0,0,cm,kg,,,,,true,,goods,1,,,Active,Sachet de 100,,Ha-37047,,,,,,Coût des marchandises vendues - Produits Non-Divocco,,Marchandises en stock,Emballage CSR,Matériel de stérilisation,Emballage CSR pour Stérilisation 15x15 HALYARD
3977868000003387557,2023-10-23 14:45:36,2025-02-15 03:06:18,Emballage CSR pour Stérilisation Halyard -18x18,,CAD 0.00,Ventes Produits Non-Divocco,true,,Halyard,0,0,0,0,cm,kg,,,,,true,,goods,1,,,Active,Sachet de 100,,Ha-37049,,,,,,Coût des marchandises vendues - Produits Non-Divocco,,Marchandises en stock,Emballage CSR,Matériel de stérilisation,Emballage CSR pour Stérilisation 15x15 HALYARD
3977868000003387559,2023-10-23 14:45:36,2025-07-26 20:51:44,Emballage CSR pour Stérilisation Halyard -20x20,,CAD 0.00,Ventes Produits Non-Divocco,true,,Halyard,0,0,0,0,cm,kg,,,,,true,,goods,1,,,Active,Sachet de 100,,Ha-37050,,,,,,Coût des marchandises vendues - Produits Non-Divocco,,Marchandises en stock,Emballage CSR,Matériel de stérilisation,Emballage CSR pour Stérilisation 15x15 HALYARD
3977868000003387561,2023-10-23 14:45:36,2025-02-15 03:06:18,Emballage CSR pour Stérilisation Halyard -24x24,,CAD 0.00,Ventes Produits Non-Divocco,true,,Halyard,0,0,0,0,cm,kg,,,,,true,,goods,1,,,Active,Sachet de 100,,Ha-37051,,,,,,Coût des marchandises vendues - Produits Non-Divocco,,Marchandises en stock,Emballage CSR,Matériel de stérilisation,Emballage CSR pour Stérilisation 15x15 HALYARD
3977868000003747001,2023-11-03 09:29:13,2024-12-09 03:06:10,"Safemask Master Série, Fushia",,CAD 21.99,Ventes Produits Non-Divocco,true,Medicom,Medicom,0,0,0,0,cm,kg,,,,,true,,goods,1,,,Active,Boite de 50,,Me-2058,,,,,,Coût des marchandises vendues - Produits Non-Divocco,,Marchandises en stock,Masque médical,,SAFE MASK MASTER SERIES L3
3977868000003747003,2023-11-03 09:29:13,2024-12-09 03:06:10,"Safemask Master Série L3, Orchidée",,CAD 21.99,Ventes Produits Non-Divocco,true,,Medicom,0,0,0,0,cm,kg,,,,,true,,goods,1,,,Active,Boite de 50,,Me-2059,,,,,,Coût des marchandises vendues - Produits Non-Divocco,,Marchandises en stock,Masque médical,,SAFE MASK MASTER SERIES L3
3977868000003747005,2023-11-03 09:29:13,2025-04-16 12:52:24,"Safemask Master Série L3, Aqua",,CAD 21.99,Ventes Produits Non-Divocco,true,,Medicom,0,0,0,0,cm,kg,,,,,true,,goods,1,,,Active,Boite de 50,,Me-2057,,,,,,Coût des marchandises vendues - Produits Non-Divocco,,Marchandises en stock,Masque médical,,SAFE MASK MASTER SERIES L3
3977868000004364815,2023-11-23 12:46:00,2025-07-26 20:51:44,Cotton Gauze Medicom 2x2 non-sterile,,CAD 0.00,Ventes Produits Non-Divocco,true,,Medicom,0,0,0,0,cm,kg,,,,,true,,goods,1,,,Active,caisse de 5000,,Me-A3001,,,,,,Coût des marchandises vendues - Produits Non-Divocco,,Marchandises en stock,"Compresse, gaze et cotton",,
3977868000004689557,2023-11-30 13:41:40,2025-02-15 03:05:03,Gants Transform-XS-Standard 100,,CAD 1.00,Ventes Produits Non-Divocco,false,,Aurelia,0,0,0,0,cm,kg,,,,,true,,goods,5,,,Active,boite de 200,boite de 200,Au-9889A5,,,,,,Coût des marchandises vendues - Produits Non-Divocco,,Marchandises en stock,Gants nitrile,Gants,
3977868000004689572,2023-11-30 13:41:41,2025-02-15 03:05:03,Gants Transform-L-Standard 100,,CAD 1.00,Ventes Produits Non-Divocco,false,,Aurelia,0,0,0,0,cm,kg,,,,,true,,goods,5,,,Active,boite de 200,boite de 200,Au-9889A8,,,,,,Coût des marchandises vendues - Produits Non-Divocco,,Marchandises en stock,Gants nitrile,Gants,
3977868000004689587,2023-11-30 13:41:41,2025-02-10 03:22:46,Gants Transform-XL-Standard 100,,CAD 1.00,Ventes Produits Non-Divocco,false,,Aurelia,0,0,0,0,cm,kg,,,,,true,,goods,5,,,Active,boite de 200,boite de 200,Au-9889A9,,,,,,Coût des marchandises vendues - Produits Non-Divocco,,Marchandises en stock,Gants nitrile,Gants,
3977868000004689800,2023-11-30 13:42:10,2025-07-26 20:51:44,"Gants Duracore Vinyle, S, Bleu",,CAD 6.99,Ventes Produits Non-Divocco,false,,Duracore,0,0,0,0,,,,,,,true,,goods,5,,,Active,Boite de 100,,Du-VB3010,,,,,,Coût des marchandises vendues - Produits Non-Divocco,,Marchandises en stock,,,
3977868000004689830,2023-11-30 13:42:11,2025-02-15 03:05:38,"Gants Duracore Vinyle, M, Bleu",,CAD 6.99,Ventes Produits Non-Divocco,false,,Duracore,0,0,0,0,,,,,,,true,,goods,5,,,Active,Boite de 100,,Du-VB3020,,,,,,Coût des marchandises vendues - Produits Non-Divocco,,Marchandises en stock,,,
3977868000004689860,2023-11-30 13:42:12,2025-07-26 20:51:44,"Gants Duracore Vinyle, L, Bleu",,CAD 6.99,Ventes Produits Non-Divocco,false,,Duracore,0,0,0,0,,,,,,,true,,goods,5,,,Active,Boite de 100,,Du-VB3030,,,,,,Coût des marchandises vendues - Produits Non-Divocco,,Marchandises en stock,,,
3977868000004689875,2023-11-30 13:42:12,2025-02-15 03:05:38,"Gants Duracore Vinyle, XL, Transparent",,CAD 6.49,Ventes Produits Non-Divocco,false,,Duracore,0,0,0,0,,,,,,,true,,goods,5,,,Active,Boite de 100,,Du-DC3040,,,,,,Coût des marchandises vendues - Produits Non-Divocco,,Marchandises en stock,,,
3977868000004689890,2023-11-30 13:42:13,2025-02-15 03:05:38,"Gants Duracore Vinyle, XL, Bleu",,CAD 6.99,Ventes Produits Non-Divocco,false,,Duracore,0,0,0,0,,,,,,,true,,goods,5,,,Active,Boite de 100,,Du-VB3040,,,,,,Coût des marchandises vendues - Produits Non-Divocco,,Marchandises en stock,,,
3977868000004690729,2023-11-30 13:43:14,2024-11-21 11:52:00,Shipping Charges,,CAD 15.00,Frais d’expédition (ventes),false,,,0,0,0,0,cm,kg,,,,,true,,service,5,,,Active,,,none,,,,,,Coût des marchandises vendues - Produits Non-Divocco,,Marchandises en stock,,,
3977868000004861000,2023-12-05 13:09:51,2025-01-08 03:34:35,Micro-applicators-Extra fin,,CAD 0.00,Ventes Produits Non-Divocco,true,,Medicom,0,0,0,0,cm,kg,,,,,true,,goods,1,,,Active,Boite de 100,,Me-LB9907,,,,,,Coût des marchandises vendues - Produits Non-Divocco,,Marchandises en stock,Applicateurs,Outils de procédure,
3977868000004871002,2023-12-05 13:09:51,2025-01-08 03:34:35,Micro-applicators-Super fin,,CAD 0.00,Ventes Produits Non-Divocco,true,,Medicom,0,0,0,0,cm,kg,,,,,true,,goods,1,,,Active,Boite de 100,,Me-LB9908,,,,,,Coût des marchandises vendues - Produits Non-Divocco,,Marchandises en stock,Applicateurs,Outils de procédure,
3977868000004871004,2023-12-05 13:09:51,2025-01-08 03:34:35,Micro-applicators-Regulier,,CAD 0.00,Ventes Produits Non-Divocco,true,,Medicom,0,0,0,0,cm,kg,,,,,true,,goods,1,,,Active,Boite de 100,,Me-LB9909,,,,,,Coût des marchandises vendues - Produits Non-Divocco,,Marchandises en stock,Applicateurs,Outils de procédure,
3977868000004871006,2023-12-05 13:09:51,2025-01-08 03:34:36,Micro-applicators-Fin,,CAD 0.00,Ventes Produits Non-Divocco,true,,Medicom,0,0,0,0,cm,kg,,,,,true,,goods,1,,,Active,Boite de 100,,Me-LB9910,,,,,,Coût des marchandises vendues - Produits Non-Divocco,,Marchandises en stock,Applicateurs,Outils de procédure,
3977868000005123222,2023-12-13 14:28:18,2025-02-15 03:06:18,"Aurelia Dermaseptyl, 60ml",,CAD 129.99,Ventes Produits Non-Divocco,true,,Aurelia,0,0,0,0,cm,kg,,,,,true,,goods,1,,,Active,Caisse de 28 bouteilles,,Au-8060,,,,,,Coût des marchandises vendues - Produits Non-Divocco,,Marchandises en stock,Désinfectant à main,Produit de désinfection et nettoyage,
3977868000005123224,2023-12-13 14:28:18,2025-07-26 20:51:44,"Aurelia Dermaseptyl, 500ml",,CAD 12.00,Ventes Produits Non-Divocco,true,,Aurelia,0,0,0,0,cm,kg,,,,,true,,goods,1,,,Active,Bouteille de 500 mL,,Au-8500,,,,,,Coût des marchandises vendues - Produits Non-Divocco,,Marchandises en stock,Désinfectant à main,Produit de désinfection et nettoyage,
3977868000005379978,2023-12-20 13:36:30,2025-07-26 20:51:44,Masque Confort de Divocco - Niveau 3 & Anti-buée,,CAD 12.00,Consommables autres (Ligne Divocco),true,Divocco Médical,Divocco Médical,0,0,0,0,cm,kg,,,,,true,,goods,1,,,Active,Boite de 50,,2002,,628678719514,,,,CoGs Consommables autres (Ligne Divocco),,Marchandises en stock,Masque médical,,
3977868000005797859,2023-12-30 15:38:18,2025-02-15 03:06:20,"Gants Duracore Série E (3 mil), XL",,CAD 13.00,Ventes Produits Non-Divocco,true,,,0,0,0,0,,,,,,,true,,goods,1,,,Active,Boite de 100,,Du-E2940,,,,,,Coût des marchandises vendues - Produits Non-Divocco,,Marchandises en stock,Gants nitrile,Gants,
3977868000006489136,2024-01-16 12:29:41,2025-02-15 03:06:19,Gants SafeTouch Advanced- M,,CAD 14.00,Ventes Produits Non-Divocco,true,Medicom,Medicom,0,0,0,0,,,,,,,true,,goods,1,,,Active,Boite de 200,,Me-1177C,,,,,,Coût des marchandises vendues - Produits Non-Divocco,,Marchandises en stock,Gants nitrile,Gants,
3977868000006751003,2024-01-24 14:05:08,2025-07-14 13:13:35,Medicom SafePure 80% liquide alcool,,CAD 26.99,Ventes Produits Non-Divocco,true,Medicom,Medicom,0,0,0,0,cm,kg,,,,,true,,goods,1,,,Active,Bidon de 1L,,Me-7100,,,,,,Coût des marchandises vendues - Produits Non-Divocco,,Marchandises en stock,Désinfectant à main,Produit de désinfection et nettoyage,
3977868000006933445,2024-01-29 13:37:14,2025-02-15 03:06:20,Duracore LX series-XS,,CAD 1.00,Ventes Produits Non-Divocco,true,Duracore,Duracore,0,0,0,0,cm,kg,,,,,true,,goods,1,,,Active,boite100,boite de 100,Du-LX6021,,,,,,Coût des marchandises vendues - Produits Non-Divocco,,Marchandises en stock,Gants latex,Gants,
3977868000006933447,2024-01-29 13:37:14,2025-07-26 20:51:44,Duracore LX series-S,,CAD 1.00,Ventes Produits Non-Divocco,true,Duracore,Duracore,0,0,0,0,cm,kg,,,,,true,,goods,1,,,Active,boite100,boite de 100,Du-LX6022,,,,,,Coût des marchandises vendues - Produits Non-Divocco,,Marchandises en stock,Gants latex,Gants,
3977868000006933449,2024-01-29 13:37:14,2025-07-26 20:51:44,Duracore LX series-M,,CAD 1.00,Ventes Produits Non-Divocco,true,Duracore,Duracore,0,0,0,0,cm,kg,,,,,true,,goods,1,,,Active,boite100,boite de 100,Du-LX6023,,,,,,Coût des marchandises vendues - Produits Non-Divocco,,Marchandises en stock,Gants latex,Gants,
3977868000006933451,2024-01-29 13:37:14,2025-07-26 20:51:44,Duracore LX series-L,,CAD 1.00,Ventes Produits Non-Divocco,true,Duracore,Duracore,0,0,0,0,cm,kg,,,,,true,,goods,1,,,Active,boite100,boite de 100,Du-LX6024,,,,,,Coût des marchandises vendues - Produits Non-Divocco,,Marchandises en stock,Gants latex,Gants,
3977868000006933453,2024-01-29 13:37:14,2025-07-26 20:51:44,Duracore LX series-XL,,CAD 1.00,Ventes Produits Non-Divocco,true,Duracore,Duracore,0,0,0,0,cm,kg,,,,,true,,goods,1,,,Active,boite100,boite de 100,Du-LX6025,,,,,,Coût des marchandises vendues - Produits Non-Divocco,,Marchandises en stock,Gants latex,Gants,
3977868000007181653,2024-02-08 09:27:13,2025-06-05 19:30:04,Rasoir à double lame RAZ2,,CAD 20.49,Ventes Produits Non-Divocco,true,,Stevens,0,0,0,0,cm,kg,,,,,true,,goods,1,,,Active,Boite de 100,,St-RAZ2,RAZ2,,,,,Coût des marchandises vendues - Produits Non-Divocco,,Marchandises en stock,Outils de procédure,,
3977868000007181676,2024-02-08 09:33:17,2025-02-15 03:06:21,"Lingettes désinfectantes PREempt de Virox, 6x7po",,CAD 23.80,Ventes Produits Non-Divocco,true,,Virox,0,0,0,0,cm,kg,,,,,true,,goods,1,,,Active,1 boite de 160 lingettes,,Vi-VRX11221,,,,,,Coût des marchandises vendues - Produits Non-Divocco,,Marchandises en stock,,,
3977868000007215573,2024-02-08 12:05:34,2025-07-26 20:51:44,Recharge de lingettes désinfectant PREempt de Virox,,CAD 21.28,Ventes Produits Non-Divocco,true,,Virox,0,0,0,0,cm,kg,,,,,true,,goods,1,,,Active,Recharge de 160 lingettes,,Vi-VRX11229,,,,,,Coût des marchandises vendues - Produits Non-Divocco,,Marchandises en stock,,,
3977868000007576963,2024-02-19 15:07:44,2024-12-09 03:06:16,Papier pour table d'examen blanc DisposaMED 18po x 225,,CAD 0.00,Ventes Produits Non-Divocco,true,,Cardinal Health Canada,0,0,0,0,cm,kg,,,,,true,,goods,1,,,Active,Caisse de 12 rouleaux,,Di-CHCS18225,,,,,,Coût des marchandises vendues - Produits Non-Divocco,,Marchandises en stock,Papier protection pour table,Bavette dentaire et couvre-surface,
3977868000007745473,2024-02-23 10:53:29,2025-02-15 03:06:21,"Masque Safemask Premier Elite, Niveau 3 Sarcelle",,CAD 18.99,Ventes Produits Non-Divocco,true,,Medicom,0,0,0,0,,,,,,,true,,goods,1,,,Active,Boite de 50,,Me-2043,,,,,,Coût des marchandises vendues - Produits Non-Divocco,,Marchandises en stock,Masque niveau 3,Masque médical,
3977868000007970864,2024-02-29 14:31:25,2025-07-26 20:51:44,Gants nitrile OPTIMUM ROSE-SMALL,,CAD 17.00,Ventes Produits Non-Divocco,true,Medicom,Medicom,0,0,0,0,cm,kg,,,,,true,,goods,1,,,Active,Boite 250,,He-120NVP-20,,,,,,Coût des marchandises vendues - Produits Non-Divocco,,Marchandises en stock,*Produits d/c en liquidation d'inventaire,,
3977868000007970866,2024-02-29 14:31:25,2025-07-26 20:51:44,Gants nitrile OPTIMUM ROSE-S/M,,CAD 17.00,Ventes Produits Non-Divocco,true,Medicom,Medicom,0,0,0,0,,,,,,,true,,goods,1,,,Active,Boite 250,,He-120NVP-30,,,,,,Coût des marchandises vendues - Produits Non-Divocco,,Marchandises en stock,*Produits d/c en liquidation d'inventaire,,
3977868000007970938,2024-02-29 14:36:33,2025-02-15 03:06:22,"Désinfectant à Mains Sans Alcool ANTI-MICROBE 3,78 L",,CAD 45.00,Ventes Produits Non-Divocco,true,,ABC Distribution,0,0,0,0,cm,kg,,,,,true,,goods,1,,,Active,Bidon de 3.78L,Bidon de 3.78L,Ab-02502178,,,,,,Coût des marchandises vendues - Produits Non-Divocco,,Marchandises en stock,Désinfectant à main,Produit de désinfection et nettoyage,
3977868000008654728,2024-03-13 14:31:57,2025-02-15 03:06:22,Gants Duracore Nitrile Series CM -XS,,CAD 9.40,Ventes Produits Non-Divocco,true,Duracore,Duracore,0,0,0,0,,,,,,,true,,goods,1,,,Active,boite100,boite de 100,Du-CM3601,,,,,,Coût des marchandises vendues - Produits Non-Divocco,,Marchandises en stock,Gants nitrile,Gants,
3977868000008654730,2024-03-13 14:31:57,2025-02-15 03:06:22,Gants Duracore Nitrile Series CM -S,,CAD 9.40,Ventes Produits Non-Divocco,true,Duracore,Duracore,0,0,0,0,,,,,,,true,,goods,1,,,Active,boite100,boite de 100,Du-CM3602,,,,,,Coût des marchandises vendues - Produits Non-Divocco,,Marchandises en stock,Gants nitrile,Gants,
3977868000008654732,2024-03-13 14:31:57,2025-02-15 03:06:22,Gants Duracore Nitrile Series CM -M,,CAD 9.40,Ventes Produits Non-Divocco,true,Duracore,Duracore,0,0,0,0,,,,,,,true,,goods,1,,,Active,boite100,boite de 100,Du-CM3603,,,,,,Coût des marchandises vendues - Produits Non-Divocco,,Marchandises en stock,Gants nitrile,Gants,
3977868000008654734,2024-03-13 14:31:57,2025-02-15 03:06:23,Gants Duracore Nitrile Series CM -L,,CAD 9.40,Ventes Produits Non-Divocco,true,Duracore,Duracore,0,0,0,0,,,,,,,true,,goods,1,,,Active,boite100,boite de 100,Du-CM3604,,,,,,Coût des marchandises vendues - Produits Non-Divocco,,Marchandises en stock,Gants nitrile,Gants,
3977868000008654736,2024-03-13 14:31:57,2025-02-15 03:06:23,Gants Duracore Nitrile Series CM -XL,,CAD 9.40,Ventes Produits Non-Divocco,true,Duracore,Duracore,0,0,0,0,,,,,,,true,,goods,1,,,Active,boite100,boite de 100,Du-CM3605,,,,,,Coût des marchandises vendues - Produits Non-Divocco,,Marchandises en stock,Gants nitrile,Gants,
3977868000008654738,2024-03-13 14:31:57,2025-07-04 16:27:34,Gants Duracore Nitrile Series CM -XXL,,CAD 9.40,Ventes Produits Non-Divocco,true,Duracore,Duracore,0,0,0,0,,,,,,,true,,goods,1,,,Active,boite100,boite de 100,Du-CM3606,,,,,,Coût des marchandises vendues - Produits Non-Divocco,,Marchandises en stock,Gants nitrile,Gants,
3977868000009161046,2024-03-26 13:29:25,2025-07-26 20:51:44,Gants Latex Stérile VitaltouchMC MEDICOM-5.5,,CAD 56.99,Ventes Produits Non-Divocco,true,Medicom,Medicom,0,0,0,0,,,,,,,true,,goods,1,,,Active,Boite de 50,,Me-1141-5.5,,,,,,Coût des marchandises vendues - Produits Non-Divocco,,Marchandises en stock,Gants latex,Gants,
3977868000009161048,2024-03-26 13:29:25,2025-06-05 19:34:07,Gants Latex Stérile VitaltouchMC MEDICOM-6,,CAD 56.99,Ventes Produits Non-Divocco,true,Medicom,Medicom,0,0,0,0,,,,,,,true,,goods,1,,,Active,Boite de 50,,Me-1141-6,,,,,,Coût des marchandises vendues - Produits Non-Divocco,,Marchandises en stock,Gants latex,Gants,
3977868000009161050,2024-03-26 13:29:25,2025-07-30 16:04:01,Gants Latex Stérile VitaltouchMC MEDICOM-6.5,,CAD 56.99,Ventes Produits Non-Divocco,true,Medicom,Medicom,0,0,0,0,,,,,,,true,,goods,1,,,Active,Boite de 50,,Me-1141-6.5,,,,,,Coût des marchandises vendues - Produits Non-Divocco,,Marchandises en stock,Gants latex,Gants,
3977868000009161052,2024-03-26 13:29:25,2025-07-26 20:51:44,Gants Latex Stérile VitaltouchMC MEDICOM-7,,CAD 56.99,Ventes Produits Non-Divocco,true,Medicom,Medicom,0,0,0,0,,,,,,,true,,goods,1,,,Active,Boite de 50,,Me-1141-7,,,,,,Coût des marchandises vendues - Produits Non-Divocco,,Marchandises en stock,Gants latex,Gants,
3977868000009161054,2024-03-26 13:29:25,2025-07-26 20:51:44,Gants Latex Stérile VitaltouchMC MEDICOM-7.5,,CAD 56.99,Ventes Produits Non-Divocco,true,Medicom,Medicom,0,0,0,0,,,,,,,true,,goods,1,,,Active,Boite de 50,,Me-1141-7.5,,,,,,Coût des marchandises vendues - Produits Non-Divocco,,Marchandises en stock,Gants latex,Gants,
3977868000009161056,2024-03-26 13:29:25,2025-02-15 03:06:24,Gants Latex Stérile VitaltouchMC MEDICOM-8,,CAD 56.99,Ventes Produits Non-Divocco,true,Medicom,Medicom,0,0,0,0,,,,,,,true,,goods,1,,,Active,Boite de 50,,Me-1141-8,,,,,,Coût des marchandises vendues - Produits Non-Divocco,,Marchandises en stock,Gants latex,Gants,
3977868000009161058,2024-03-26 13:29:25,2024-12-09 03:06:20,Gants Latex Stérile VitaltouchMC MEDICOM-8.5,,CAD 56.99,Ventes Produits Non-Divocco,true,Medicom,Medicom,0,0,0,0,,,,,,,true,,goods,1,,,Active,Boite de 50,,Me-1141-8.5,,,,,,Coût des marchandises vendues - Produits Non-Divocco,,Marchandises en stock,Gants latex,Gants,
3977868000009161306,2024-03-26 13:39:08,2025-02-15 03:06:24,"Gant d’examen stérile Flexam®, nitrile -S",,CAD 50.00,Ventes Produits Non-Divocco,true,Cardinal Health,Cardinal Health Canada,0,0,0,0,,,,,,,true,,goods,1,,,Active,Boite de 50,,Ca-N8820,,,,,,Coût des marchandises vendues - Produits Non-Divocco,,Marchandises en stock,Gants nitrile,Gants,
3977868000009161308,2024-03-26 13:39:08,2025-02-15 03:06:24,"Gant d’examen stérile Flexam®, nitrile -M",,CAD 50.00,Ventes Produits Non-Divocco,true,Cardinal Health,Cardinal Health Canada,0,0,0,0,,,,,,,true,,goods,1,,,Active,Boite de 50,,Ca-N8821,,,,,,Coût des marchandises vendues - Produits Non-Divocco,,Marchandises en stock,Gants nitrile,Gants,
3977868000009161310,2024-03-26 13:39:08,2025-02-15 03:06:24,"Gant d’examen stérile Flexam®, nitrile -L",,CAD 50.00,Ventes Produits Non-Divocco,true,Cardinal Health,Cardinal Health Canada,0,0,0,0,,,,,,,true,,goods,1,,,Active,Boite de 50,,Ca-N8822,,,,,,Coût des marchandises vendues - Produits Non-Divocco,,Marchandises en stock,Gants nitrile,Gants,
3977868000009161312,2024-03-26 13:39:08,2025-02-15 03:06:25,"Gant d’examen stérile Flexam®, nitrile -XL",,CAD 50.00,Ventes Produits Non-Divocco,true,Cardinal Health,Cardinal Health Canada,0,0,0,0,,,,,,,true,,goods,1,,,Active,Boite de 50,,Ca-N8823,,,,,,Coût des marchandises vendues - Produits Non-Divocco,,Marchandises en stock,Gants nitrile,Gants,
3977868000009981001,2024-04-11 06:58:29,2025-07-15 13:52:24,Verres en papier biodégradables de Aurelia - 5 oz.-Bleu,,CAD 58.99,Ventes Produits Non-Divocco,true,Aurelia,Aurelia,0,0,0,0,,,,,,,true,,goods,1,,,Active,Caisse de 1000,,AU-C00007BIOBL,,,,,,Coût des marchandises vendues - Produits Non-Divocco,,Marchandises en stock,Gobelet,Gobelets et protection diverse,
3977868000009981003,2024-04-11 06:58:29,2025-06-23 11:46:02,Verres en papier biodégradables de Aurelia - 5 oz.-Lavande,,CAD 58.99,Ventes Produits Non-Divocco,true,Aurelia,Aurelia,0,0,0,0,,,,,,,true,,goods,1,,,Active,Caisse de 1000,,AU-C00008BIOLA,,,,,,Coût des marchandises vendues - Produits Non-Divocco,,Marchandises en stock,Gobelet,Gobelets et protection diverse,
3977868000009981005,2024-04-11 06:58:29,2025-07-26 20:51:44,Verres en papier biodégradables de Aurelia - 5 oz.-Rose,,CAD 58.99,Ventes Produits Non-Divocco,true,Aurelia,Aurelia,0,0,0,0,,,,,,,true,,goods,1,,,Active,Caisse de 1000,,AU-C00009BIOPI,,,,,,Coût des marchandises vendues - Produits Non-Divocco,,Marchandises en stock,Gobelet,Gobelets et protection diverse,
3977868000009981007,2024-04-11 06:58:29,2025-07-26 20:51:44,Verres en papier biodégradables de Aurelia - 5 oz.-Vert,,CAD 58.99,Ventes Produits Non-Divocco,true,Aurelia,Aurelia,0,0,0,0,,,,,,,true,,goods,1,,,Active,Caisse de 1000,,AU-C000010BIOGR,,,,,,Coût des marchandises vendues - Produits Non-Divocco,,Marchandises en stock,Gobelet,Gobelets et protection diverse,
3977868000009981009,2024-04-11 06:58:29,2025-07-26 20:51:44,Verres en papier biodégradables de Aurelia - 5 oz.-Blue,,CAD 58.99,Ventes Produits Non-Divocco,true,Aurelia,Aurelia,0,0,0,0,,,,,,,true,,goods,1,,,Active,Caisse de 1000,,AU-C00007BIOAQ,,,,,,Coût des marchandises vendues - Produits Non-Divocco,,Marchandises en stock,Gobelet,Gobelets et protection diverse,
3977868000010403768,2024-04-23 11:23:31,2025-04-14 09:37:11,Masques SafeMask Premier plus lvl 2,,CAD 17.99,Ventes Produits Non-Divocco,true,Medicom,Medicom,0,0,0,0,cm,kg,,,,,true,,goods,1,,,Active,Boite de 50,,Me-2040,,,,,,Coût des marchandises vendues - Produits Non-Divocco,,Marchandises en stock,Masque niveau 2,Masque médical,
3977868000012951003,2024-06-13 09:44:54,2025-01-08 03:34:43,Micro-Touch Micro-Thin Exam Gloves -XS,,CAD 0.00,Ventes Produits Non-Divocco,true,,Ansell,0,0,0,0,,,,,,,true,,goods,1,,,Active,boite de 300,boite de 300,An-6034310,,,,,,Coût des marchandises vendues - Produits Non-Divocco,,Marchandises en stock,Gants nitrile,Gants,
3977868000012951005,2024-06-13 09:44:54,2025-01-08 03:34:43,Micro-Touch Micro-Thin Exam Gloves -S,,CAD 0.00,Ventes Produits Non-Divocco,true,,Ansell,0,0,0,0,,,,,,,true,,goods,1,,,Active,boite de 300,boite de 300,An-6034311,,,,,,Coût des marchandises vendues - Produits Non-Divocco,,Marchandises en stock,Gants nitrile,Gants,
3977868000012951007,2024-06-13 09:44:54,2025-01-08 03:34:43,Micro-Touch Micro-Thin Exam Gloves -M,,CAD 0.00,Ventes Produits Non-Divocco,true,,Ansell,0,0,0,0,,,,,,,true,,goods,1,,,Active,boite de 300,boite de 300,An-6034312,,,,,,Coût des marchandises vendues - Produits Non-Divocco,,Marchandises en stock,Gants nitrile,Gants,
3977868000012951009,2024-06-13 09:44:54,2025-01-08 03:34:44,Micro-Touch Micro-Thin Exam Gloves -L,,CAD 0.00,Ventes Produits Non-Divocco,true,,Ansell,0,0,0,0,,,,,,,true,,goods,1,,,Active,boite de 300,boite de 300,An-6034313,,,,,,Coût des marchandises vendues - Produits Non-Divocco,,Marchandises en stock,Gants nitrile,Gants,
3977868000012951011,2024-06-13 09:44:54,2025-01-08 03:34:44,Micro-Touch Micro-Thin Exam Gloves -XL,,CAD 0.00,Ventes Produits Non-Divocco,true,,Ansell,0,0,0,0,,,,,,,true,,goods,1,,,Active,boite de 300,boite de 300,An-6034314,,,,,,Coût des marchandises vendues - Produits Non-Divocco,,Marchandises en stock,Gants nitrile,Gants,
3977868000013214305,2024-06-20 12:43:42,2025-07-26 20:51:44,Caviwipes 1 min,,CAD 0.00,Ventes Produits Non-Divocco,true,,,0,0,0,0,,,,,,,true,,goods,1,,,Active,1 boite de 160 lingettes,,CW-1601,,,,,,Coût des marchandises vendues - Produits Non-Divocco,,Marchandises en stock,Lingettes désinfectantes,Produit de désinfection et nettoyage,
3977868000013642696,2024-07-03 11:01:09,2024-11-21 03:23:33,Ignite-M,,CAD 1.00,Ventes Produits Non-Divocco,false,,,0,0,0,0,,,,,,,true,,goods,5,,,Active,boite de 90,,97887,,,,,,,,,,,
3977868000013642707,2024-07-03 11:01:10,2024-11-21 03:23:33,Ignite-L,,CAD 1.00,Ventes Produits Non-Divocco,false,,,0,0,0,0,,,,,,,true,,goods,5,,,Active,boite de 90,,97888,,,,,,,,,,,
3977868000013642718,2024-07-03 11:01:11,2024-11-21 03:23:34,Ignite-XL,,CAD 1.00,Ventes Produits Non-Divocco,false,,,0,0,0,0,,,,,,,true,,goods,5,,,Active,boite de 90,,97889,,,,,,,,,,,
3977868000013642729,2024-07-03 11:01:11,2024-11-21 03:23:34,Ignite-XXL,,CAD 1.00,Ventes Produits Non-Divocco,false,,,0,0,0,0,,,,,,,true,,goods,5,,,Active,boite de 90,,97880,,,,,,,,,,,
3977868000013642800,2024-07-03 11:01:17,2025-02-15 03:04:33,caisse de pochette de stérilisation 99005,,CAD 55.00,Ventes Produits Non-Divocco,false,,,0,0,0,0,,,,,,,true,,goods,5,,,Active,caisse 5,,C5x-99005,,,,,,Coût des marchandises vendues - Produits Non-Divocco,,Marchandises en stock,,,
3977868000013642830,2024-07-03 11:01:19,2024-12-09 03:02:43,Poch Steril Medicom (5 boites PAR CAISSE),,CAD 11.00,Ventes Produits Non-Divocco,false,,,0,0,0,0,,,,,,,true,,goods,5,,,Active,boite,,99005,,,,,,Coût des marchandises vendues - Produits Non-Divocco,,Marchandises en stock,,,
3977868000013642860,2024-07-03 11:01:21,2025-02-20 13:35:37,Duracor vinyl-S,,CAD 6.99,Ventes Produits Non-Divocco,false,,,0,0,0,0,,,,,,,true,,goods,5,,,Active,boite100,boite de 100,Du-dc3010,,,,,,Coût des marchandises vendues - Produits Non-Divocco,,Marchandises en stock,,,
3977868000013642875,2024-07-03 11:01:22,2024-11-22 03:10:39,Vital Touch Latex Sterile Surgical Glove Powder Free White 6-Sans poudre-6,,CAD 1.00,Ventes Produits Non-Divocco,false,,,0,0,0,0,,,,,,,true,,goods,5,,,Active,Boite de 50 paires,,Me--277066,,,,,,,,,,,
3977868000013671719,2024-07-03 11:05:26,2024-12-10 03:06:45,Gants Duracore Série E (3 mil)-XL,,CAD 1.00,Ventes Produits Non-Divocco,false,,,0,0,0,0,,,,,,,true,,goods,5,,,Active,Boite de 100,,E2940,,,,,,Coût des marchandises vendues - Produits Non-Divocco,,Marchandises en stock,,,Gants Duracore Série E (3 mil)
3977868000013672764,2024-07-03 11:07:32,2024-12-09 03:05:58,SafeTouch Classic-s,,CAD 30.80,Ventes Produits Non-Divocco,false,,,0,0,0,0,,,,,,,true,,goods,5,,,Active,boite de 200,boite de 200,1233B-Div,,,,,,Coût des marchandises vendues - Produits Non-Divocco,,Marchandises en stock,,,
3977868000013672779,2024-07-03 11:07:33,2024-12-09 03:05:59,SafeTouch Classic-m,,CAD 30.80,Ventes Produits Non-Divocco,false,,,0,0,0,0,,,,,,,true,,goods,5,,,Active,boite de 200,boite de 200,1233C-Div,,,,,,Coût des marchandises vendues - Produits Non-Divocco,,Marchandises en stock,,,
3977868000013672794,2024-07-03 11:07:34,2024-12-09 03:05:59,SafeTouch Classic-l,,CAD 30.80,Ventes Produits Non-Divocco,false,,,0,0,0,0,,,,,,,true,,goods,5,,,Active,boite de 200,boite de 200,1233D-Div,,,,,,Coût des marchandises vendues - Produits Non-Divocco,,Marchandises en stock,,,
3977868000013672809,2024-07-03 11:07:35,2024-12-09 03:05:59,SafeTouch Classic-xl,,CAD 30.80,Ventes Produits Non-Divocco,false,,,0,0,0,0,,,,,,,true,,goods,5,,,Active,boite,,1233E-Div,,,,,,Coût des marchandises vendues - Produits Non-Divocco,,Marchandises en stock,,,
3977868000013672965,2024-07-03 11:07:43,2024-11-19 17:43:06,Bavette dentaire Aurelia auto-adhésive-Boite de 125,,CAD 1.00,Ventes Produits Non-Divocco,false,,,0,0,0,0,,,,,,,true,,goods,5,,,Active,boite de 125,,950,,,,,,,,,,,
3977868000013672976,2024-07-03 11:07:44,2024-11-21 03:30:23,Masques médicaux Aurelia-Niveau 1-Bleu,,CAD 1.00,Ventes Produits Non-Divocco,false,,,0,0,0,0,,,,,,,true,,goods,5,,,Active,boîte de 50,,2410,,,,,,,,,,,
3977868000013673015,2024-07-03 11:07:48,2024-11-19 17:43:08,Distinct-XS,,CAD 1.00,Ventes Produits Non-Divocco,false,,,0,0,0,0,,,,,,,true,,goods,5,,,Active,boite de 100,,29225,,,,,,,,,,,
3977868000013673028,2024-07-03 11:07:49,2024-11-19 17:43:09,Distinct-M,,CAD 1.00,Ventes Produits Non-Divocco,false,,,0,0,0,0,,,,,,,true,,goods,5,,,Active,boite de 100,,29227,,,,,,,,,,,
3977868000013673039,2024-07-03 11:07:49,2024-11-19 17:43:09,Distinct-L,,CAD 1.00,Ventes Produits Non-Divocco,false,,,0,0,0,0,,,,,,,true,,goods,5,,,Active,boite de 100,,29228,,,,,,,,,,,
3977868000013673050,2024-07-03 11:07:50,2024-11-19 17:43:09,Distinct-XL,,CAD 1.00,Ventes Produits Non-Divocco,false,,,0,0,0,0,,,,,,,true,,goods,5,,,Active,boite de 100,,29229,,,,,,,,,,,
3977868000013673061,2024-07-03 11:07:50,2024-11-21 11:24:52,Renew-XS,,CAD 1.00,Ventes Produits Non-Divocco,false,,,0,0,0,0,,,,,,,true,,goods,5,,,Active,boite de 300,boite de 300,93285,,,,,,,,,,,
3977868000013673072,2024-07-03 11:07:51,2024-11-21 11:24:44,Renew-S,,CAD 1.00,Ventes Produits Non-Divocco,false,,,0,0,0,0,,,,,,,true,,goods,5,,,Active,boite de 300,boite de 300,93286,,,,,,,,,,,
3977868000013673083,2024-07-03 11:07:52,2024-11-21 11:24:40,Renew-M,,CAD 1.00,Ventes Produits Non-Divocco,false,,,0,0,0,0,,,,,,,true,,goods,5,,,Active,boite de 300,boite de 300,93287,,,,,,,,,,,
3977868000013673094,2024-07-03 11:07:52,2024-11-21 11:24:36,Renew-L,,CAD 1.00,Ventes Produits Non-Divocco,false,,,0,0,0,0,,,,,,,true,,goods,5,,,Active,boite de 300,boite de 300,93288,,,,,,,,,,,
3977868000013673105,2024-07-03 11:07:53,2024-11-21 11:24:48,Renew-XL,,CAD 1.00,Ventes Produits Non-Divocco,false,,,0,0,0,0,,,,,,,true,,goods,5,,,Active,boite de 300,boite de 300,93289,,,,,,,,,,,
3977868000013673116,2024-07-03 11:07:54,2024-11-19 17:43:11,BeyondSafe 2.2-XS,,CAD 1.00,Ventes Produits Non-Divocco,false,,,0,0,0,0,,,,,,,true,,goods,5,,,Active,boite de 100,,83775,,,,,,,,,,,
3977868000013673127,2024-07-03 11:07:54,2024-11-19 17:43:11,BeyondSafe 2.2-S,,CAD 1.00,Ventes Produits Non-Divocco,false,,,0,0,0,0,,,,,,,true,,goods,5,,,Active,boite de 100,,83776,,,,,,,,,,,
3977868000013673138,2024-07-03 11:07:55,2024-11-19 17:43:12,BeyondSafe 2.2-M,,CAD 1.00,Ventes Produits Non-Divocco,false,,,0,0,0,0,,,,,,,true,,goods,5,,,Active,boite de 100,,83777,,,,,,,,,,,
3977868000013673149,2024-07-03 11:07:55,2024-11-19 17:43:12,BeyondSafe 2.2-L,,CAD 1.00,Ventes Produits Non-Divocco,false,,,0,0,0,0,,,,,,,true,,goods,5,,,Active,boite de 100,,83778,,,,,,,,,,,
3977868000013673160,2024-07-03 11:07:56,2024-11-19 17:43:12,BeyondSafe 2.2-XL,,CAD 1.00,Ventes Produits Non-Divocco,false,,,0,0,0,0,,,,,,,true,,goods,5,,,Active,boite de 100,,83779,,,,,,,,,,,
3977868000013673171,2024-07-03 11:07:57,2024-11-21 10:02:34,Perform-XS,,CAD 1.00,Ventes Produits Non-Divocco,false,,,0,0,0,0,,,,,,,true,,goods,5,,,Active,boite de 200,boite de 200,92395,,,,,,,,,,,
3977868000013673182,2024-07-03 11:07:58,2024-11-21 10:02:25,Perform-S,,CAD 1.00,Ventes Produits Non-Divocco,false,,,0,0,0,0,,,,,,,true,,goods,5,,,Active,boite de 200,boite de 200,92396,,,,,,,,,,,
3977868000013673193,2024-07-03 11:07:59,2024-11-21 10:02:17,Perform-M,,CAD 1.00,Ventes Produits Non-Divocco,false,,,0,0,0,0,,,,,,,true,,goods,5,,,Active,boite de 200,boite de 200,92397,,,,,,,,,,,
3977868000013673204,2024-07-03 11:08:00,2024-11-21 10:02:13,Perform-L,,CAD 1.00,Ventes Produits Non-Divocco,false,,,0,0,0,0,,,,,,,true,,goods,5,,,Active,boite de 200,boite de 200,92398,,,,,,,,,,,
3977868000013673215,2024-07-03 11:08:00,2024-11-21 10:02:29,Perform-XL,,CAD 1.00,Ventes Produits Non-Divocco,false,,,0,0,0,0,,,,,,,true,,goods,5,,,Active,boite de 200,boite de 200,92399,,,,,,,,,,,
3977868000013673274,2024-07-03 11:08:04,2024-11-19 17:43:15,Tranform 100-XS,,CAD 1.00,Ventes Produits Non-Divocco,false,,,0,0,0,0,,,,,,,true,,goods,5,,,Active,boite de 200,boite de 200,9889A5,,,,,,,,,,,
3977868000013673307,2024-07-03 11:08:06,2024-11-19 17:43:16,Tranform 100-L,,CAD 1.00,Ventes Produits Non-Divocco,false,,,0,0,0,0,,,,,,,true,,goods,5,,,Active,boite de 200,boite de 200,9889A8,,,,,,,,,,,
3977868000013673318,2024-07-03 11:08:07,2024-11-19 17:43:17,Tranform 100-XL,,CAD 1.00,Ventes Produits Non-Divocco,false,,,0,0,0,0,,,,,,,true,,goods,5,,,Active,boite de 200,boite de 200,9889A9,,,,,,,,,,,
3977868000013673345,2024-07-03 11:08:09,2024-11-19 17:43:18,BeyondSafe 3.2-S,,CAD 1.00,Ventes Produits Non-Divocco,false,,,0,0,0,0,,,,,,,true,,goods,5,,,Active,boite de 100,,8889A6,,,,,,,,,,,
3977868000013673356,2024-07-03 11:08:09,2024-11-19 17:43:18,BeyondSafe 3.2-M,,CAD 1.00,Ventes Produits Non-Divocco,false,,,0,0,0,0,,,,,,,true,,goods,5,,,Active,boite de 100,,8889A7,,,,,,,,,,,
3977868000013673367,2024-07-03 11:08:10,2024-11-19 17:43:19,BeyondSafe 3.2-L,,CAD 1.00,Ventes Produits Non-Divocco,false,,,0,0,0,0,,,,,,,true,,goods,5,,,Active,boite de 100,,8889A8,,,,,,,,,,,
3977868000013673378,2024-07-03 11:08:11,2024-11-19 17:43:19,BeyondSafe 3.2-XL,,CAD 1.00,Ventes Produits Non-Divocco,false,,,0,0,0,0,,,,,,,true,,goods,5,,,Active,boite de 100,,8889A9,,,,,,,,,,,
3977868000013673444,2024-07-03 11:08:16,2024-11-21 11:20:16,Protégé-XS,,CAD 1.00,Ventes Produits Non-Divocco,false,,,0,0,0,0,,,,,,,true,,goods,5,,,Active,boite de 100,,93995,,,,,,,,,,,
3977868000013673455,2024-07-03 11:08:17,2024-11-21 11:20:05,Protégé-S,,CAD 1.00,Ventes Produits Non-Divocco,false,,,0,0,0,0,,,,,,,true,,goods,5,,,Active,boite de 100,,93996,,,,,,,,,,,
3977868000013673466,2024-07-03 11:08:18,2024-11-21 11:20:02,Protégé-M,,CAD 1.00,Ventes Produits Non-Divocco,false,,,0,0,0,0,,,,,,,true,,goods,5,,,Active,boite de 100,,93997,,,,,,,,,,,
3977868000013673477,2024-07-03 11:08:19,2024-11-21 11:19:56,Protégé-L,,CAD 1.00,Ventes Produits Non-Divocco,false,,,0,0,0,0,,,,,,,true,,goods,5,,,Active,boite de 100,,93998,,,,,,,,,,,
3977868000013673488,2024-07-03 11:08:20,2024-11-21 11:20:11,Protégé-XL,,CAD 1.00,Ventes Produits Non-Divocco,false,,,0,0,0,0,,,,,,,true,,goods,5,,,Active,boite de 100,,93999,,,,,,,,,,,
3977868000013817068,2024-07-05 09:44:57,2025-04-23 12:32:14,Gants DURACORE SERIES C-XS,,CAD 0.00,Ventes Produits Non-Divocco,true,Duracore,Duracore,0,0,0,0,,,,,,,true,,goods,1,,,Active,boite de 300,boite de 300,Du-C2801,,,,,,Coût des marchandises vendues - Produits Non-Divocco,,Marchandises en stock,Gants nitrile,Gants,
3977868000013817070,2024-07-05 09:44:57,2025-02-15 03:06:26,Gants DURACORE SERIES C-S,,CAD 0.00,Ventes Produits Non-Divocco,true,Duracore,Duracore,0,0,0,0,,,,,,,true,,goods,1,,,Active,boite de 300,boite de 300,Du-C2802,,,,,,Coût des marchandises vendues - Produits Non-Divocco,,Marchandises en stock,Gants nitrile,Gants,
3977868000013817072,2024-07-05 09:44:57,2025-02-15 03:06:26,Gants DURACORE SERIES C-M,,CAD 0.00,Ventes Produits Non-Divocco,true,Duracore,Duracore,0,0,0,0,,,,,,,true,,goods,1,,,Active,boite de 300,boite de 300,Du-C2803,,,,,,Coût des marchandises vendues - Produits Non-Divocco,,Marchandises en stock,Gants nitrile,Gants,
3977868000013817074,2024-07-05 09:44:57,2025-02-15 03:06:26,Gants DURACORE SERIES C-L,,CAD 0.00,Ventes Produits Non-Divocco,true,Duracore,Duracore,0,0,0,0,,,,,,,true,,goods,1,,,Active,boite de 300,boite de 300,Du-C2804,,,,,,Coût des marchandises vendues - Produits Non-Divocco,,Marchandises en stock,Gants nitrile,Gants,
3977868000013817076,2024-07-05 09:44:57,2025-02-15 03:06:26,Gants DURACORE SERIES C-XL,,CAD 0.00,Ventes Produits Non-Divocco,true,Duracore,Duracore,0,0,0,0,,,,,,,true,,goods,1,,,Active,boite de 300,boite de 300,Du-C2805,,,,,,Coût des marchandises vendues - Produits Non-Divocco,,Marchandises en stock,Gants nitrile,Gants,
3977868000014418067,2024-07-15 16:10:32,2025-02-15 03:06:26,Gants stériles Protexis-5.5,,CAD 135.00,Ventes Produits Non-Divocco,true,Cardinal Health,Cardinal Health Canada,0,0,0,0,,,,,,,true,,goods,1,,,Active,Boite de 50 paires,,Ca-2D72PT55X,,,,,,Coût des marchandises vendues - Produits Non-Divocco,,Marchandises en stock,Gants stériles,Gants,
3977868000014418069,2024-07-15 16:10:32,2025-02-15 03:06:27,Gants stériles Protexis-6.0,,CAD 135.00,Ventes Produits Non-Divocco,true,Cardinal Health,Cardinal Health Canada,0,0,0,0,,,,,,,true,,goods,1,,,Active,Boite de 50 paires,,Ca-2D72PT60X,,,,,,Coût des marchandises vendues - Produits Non-Divocco,,Marchandises en stock,Gants stériles,Gants,
3977868000014418071,2024-07-15 16:10:32,2025-02-15 03:06:27,Gants stériles Protexis-6.5,,CAD 135.00,Ventes Produits Non-Divocco,true,Cardinal Health,Cardinal Health Canada,0,0,0,0,,,,,,,true,,goods,1,,,Active,Boite de 50 paires,,Ca-2D72PT65X,,,,,,Coût des marchandises vendues - Produits Non-Divocco,,Marchandises en stock,Gants stériles,Gants,
3977868000014418073,2024-07-15 16:10:32,2025-04-16 12:50:44,Gants stériles Protexis-7.0,,CAD 135.00,Ventes Produits Non-Divocco,true,Cardinal Health,Cardinal Health Canada,0,0,0,0,,,,,,,true,,goods,1,,,Active,Boite de 50 paires,,Ca-2D72PT70X,,,,,,Coût des marchandises vendues - Produits Non-Divocco,,Marchandises en stock,Gants stériles,Gants,
3977868000014418075,2024-07-15 16:10:32,2025-02-15 03:06:28,Gants stériles Protexis-7.5,,CAD 135.00,Ventes Produits Non-Divocco,true,Cardinal Health,Cardinal Health Canada,0,0,0,0,,,,,,,true,,goods,1,,,Active,Boite de 50 paires,,Ca-2D72PT75X,,,,,,Coût des marchandises vendues - Produits Non-Divocco,,Marchandises en stock,Gants stériles,Gants,
3977868000014418077,2024-07-15 16:10:32,2025-07-26 20:51:44,Gants stériles Protexis-8.0,,CAD 135.00,Ventes Produits Non-Divocco,true,Cardinal Health,Cardinal Health Canada,0,0,0,0,,,,,,,true,,goods,1,,,Active,Boite de 50 paires,,Ca-2D72PT80X,,,,,,Coût des marchandises vendues - Produits Non-Divocco,,Marchandises en stock,Gants stériles,Gants,
3977868000014418079,2024-07-15 16:10:32,2025-02-15 03:06:28,Gants stériles Protexis-8.5,,CAD 135.00,Ventes Produits Non-Divocco,true,Cardinal Health,Cardinal Health Canada,0,0,0,0,,,,,,,true,,goods,1,,,Active,Boite de 50 paires,,Ca-2D72PT85X,,,,,,Coût des marchandises vendues - Produits Non-Divocco,,Marchandises en stock,Gants stériles,Gants,
3977868000014418081,2024-07-15 16:10:32,2025-02-15 03:06:28,Gants stériles Protexis-9.0,,CAD 135.00,Ventes Produits Non-Divocco,true,Cardinal Health,Cardinal Health Canada,0,0,0,0,,,,,,,true,,goods,1,,,Active,Boite de 50 paires,,Ca-2D72PT90X,,,,,,Coût des marchandises vendues - Produits Non-Divocco,,Marchandises en stock,Gants stériles,Gants,
3977868000016175283,2024-08-14 12:40:33,2025-02-15 03:05:04,Gants Tranform-L-Type AA 100,,CAD 1.00,Ventes Produits Non-Divocco,false,,,0,0,0,0,,,,,,,true,,goods,5,,,Active,boite de 100,,Au-9889AA8,,,,,,Coût des marchandises vendues - Produits Non-Divocco,,Marchandises en stock,,,
3977868000016175298,2024-08-14 12:40:33,2025-02-15 03:05:04,Gants Tranform-XL-Type AA 100,,CAD 1.00,Ventes Produits Non-Divocco,false,,,0,0,0,0,,,,,,,true,,goods,5,,,Active,boite de 100,,Au-9889AA9,,,,,,Coût des marchandises vendues - Produits Non-Divocco,,Marchandises en stock,,,
3977868000016301639,2024-08-19 15:28:31,2025-07-26 20:51:44,Lingette sèche MICRO-KLEEN,,CAD 94.00,Ventes Produits Non-Divocco,true,Medline,Medline,0,0,0,0,cm,kg,,,,,true,,goods,1,,,Active,Caisse de 12 rouleaux,,Md-MK3DW-110-SS,,,,,,Coût des marchandises vendues - Produits Non-Divocco,,Marchandises en stock,Lingettes désinfectantes,Produit de désinfection et nettoyage,
3977868000016982011,2024-08-29 15:03:51,2025-07-22 14:18:35,Masque 3MAura™ Health Care N95,,CAD 40.00,Ventes Produits Non-Divocco,true,,3M,0,0,0,0,cm,kg,,,,,true,,goods,1,,,Active,Boite de 20,,3M-7100245716,,,,,,Coût des marchandises vendues - Produits Non-Divocco,,Marchandises en stock,Masque N95 et haute filtration,Masque médical,
3977868000019761061,2024-10-21 12:32:52,2025-07-26 20:51:44,Gant Omni nitrile Examination,,CAD 0.00,Ventes Produits Non-Divocco,true,,,0,0,0,0,cm,kg,,,,,true,,goods,1,,,Active,boite de 200,boite de 200,Om-201-221,,,,,,Coût des marchandises vendues - Produits Non-Divocco,,Marchandises en stock,Gants nitrile,Gants,
3977868000019946007,2024-10-24 10:48:51,2025-07-26 20:51:44,Lames de bistouri chirurgical (Stevens)-#10,,CAD 17.76,Ventes Produits Non-Divocco,true,Stevens,Stevens,0,0,0,0,,,,,,,true,,goods,1,,,Active,Boite de 100,,St-560-1010,,,,,,Coût des marchandises vendues - Produits Non-Divocco,,Marchandises en stock,Bistouris et lames,Outils de procédure,
3977868000019946009,2024-10-24 10:48:51,2025-07-26 13:50:52,Lames de bistouri chirurgical (Stevens)-#15,,CAD 17.76,Ventes Produits Non-Divocco,true,Stevens,Stevens,0,0,0,0,,,,,,,true,,goods,1,,,Active,Boite de 100,,St-560-1015,,,,,,Coût des marchandises vendues - Produits Non-Divocco,,Marchandises en stock,Bistouris et lames,Outils de procédure,
3977868000019946011,2024-10-24 10:48:51,2025-07-26 13:50:52,Lames de bistouri chirurgical (Stevens)-#20,,CAD 17.76,Ventes Produits Non-Divocco,true,Stevens,Stevens,0,0,0,0,cm,kg,,,,,true,,goods,1,,,Active,Boite de 100,,St-560-1020,,,,,,Coût des marchandises vendues - Produits Non-Divocco,,Marchandises en stock,Bistouris et lames,Outils de procédure,
3977868000019946195,2024-10-24 10:58:25,2025-06-23 11:28:55,"Aiguille hypodermique de BD-18G, Longueur 1 1/2",,CAD 19.83,Ventes Produits Non-Divocco,true,BD,BD,0,0,0,0,cm,kg,,,,,true,,goods,1,,,Active,Boite de 100,,St-333-305196,,,,,,Coût des marchandises vendues - Produits Non-Divocco,,Marchandises en stock,Seringue et aiguilles,Outils de procédure,
3977868000019946197,2024-10-24 10:58:25,2025-07-26 20:51:44,"Aiguille hypodermique de BD-27G, Longueur 1 1/2",,CAD 10.38,Ventes Produits Non-Divocco,true,BD,BD,0,0,0,0,cm,kg,,,,,true,,goods,1,,,Active,Boite de 100,,St-333-301629,,,,,,Coût des marchandises vendues - Produits Non-Divocco,,Marchandises en stock,Seringue et aiguilles,Outils de procédure,
3977868000019946411,2024-10-24 11:04:10,2025-02-15 03:06:30,Éjecteur à Salive (Medicom) -Lavande,,CAD 77.99,Ventes Produits Non-Divocco,true,Medicom,Medicom,0,0,0,0,,,,,,,true,,goods,1,,,Active,Boite de 1000,,Me-712,,,,,,Coût des marchandises vendues - Produits Non-Divocco,,Marchandises en stock,Éjecteur à salive,Outils de procédure,
3977868000019946461,2024-10-24 11:09:15,2025-07-22 14:20:00,Gel à transmission d'ultrason (échographique),Gel optimisant l'échogénicité des structures. Différents tailles disponibles.,CAD 80.08,Ventes Produits Non-Divocco,true,,,0,0,0,0,cm,kg,,,,,true,,goods,1,,,Active,Boite de 48 unités,,St-457-01-01,,,,,,Coût des marchandises vendues - Produits Non-Divocco,,Marchandises en stock,Matériel d'échographie,Outils de procédure,
3977868000019946486,2024-10-24 11:10:27,2025-07-26 20:51:44,Gel à transmission d'ultrason (échographique) - 5L,Gel optimisant l'échogénicité des structures. Différents tailles disponibles.,CAD 27.90,Ventes Produits Non-Divocco,true,,,0,0,0,0,cm,kg,,,,,true,,goods,1,,,Active,5 Litres,,St-457-01-50,,,,,,Coût des marchandises vendues - Produits Non-Divocco,,Marchandises en stock,Matériel d'échographie,Outils de procédure,
3977868000019946523,2024-10-24 11:13:18,2025-06-05 19:34:07,Seringues BD - Embout Luer Lock-3 mL,,CAD 30.16,Ventes Produits Non-Divocco,true,BD,BD,0,0,0,0,,,,,,,true,,goods,1,,,Active,Boite de 200,,BD-BD309657,,,,,,Coût des marchandises vendues - Produits Non-Divocco,,Marchandises en stock,,,
3977868000020189001,2024-10-29 12:58:03,2025-07-26 20:51:44,"Couvre-chaussure, série Duracore -Poly",,CAD 42.99,Ventes Produits Non-Divocco,true,Duracore,Duracore,0,0,0,0,,,,,,,true,,goods,1,,,Active,Caisse de 1000,,Du-SH2000,,,,,,Coût des marchandises vendues - Produits Non-Divocco,,Marchandises en stock,,,
3977868000020189003,2024-10-29 12:58:03,2025-04-16 12:54:30,"Couvre-chaussure, série Duracore - Anti-dérapant",,CAD 62.99,Ventes Produits Non-Divocco,true,Duracore,Duracore,0,0,0,0,cm,kg,,,,,true,,goods,1,,,Active,Caisse de 1000,,Du-NW2000,,,,,,Coût des marchandises vendues - Produits Non-Divocco,,Marchandises en stock,,,
3977868000020189075,2024-10-29 15:48:06,2024-12-09 03:06:31,Seringue a tuberculine (1 mL) avec aiguille permanente de Magellan 28G - 1/2po,,CAD 19.97,Ventes Produits Non-Divocco,true,Cardinal Health,Cardinal Health Canada,0,0,0,0,cm,kg,,,,,true,,goods,1,,,Active,Boite de 50,,Ca-Z8881882812,,,,,,Coût des marchandises vendues - Produits Non-Divocco,,Marchandises en stock,Seringue et aiguilles,Outils de procédure,
3977868000020189100,2024-10-29 15:54:04,2025-02-15 03:06:31,Bandage cohésif Co-Plus - 5 cm x 4.5cm,,CAD 103.00,Ventes Produits Non-Divocco,true,Stevens,Stevens,0,0,0,0,cm,kg,,,,,true,,goods,1,,,Active,Boite de 36,,St-BSN7210016,,,,,,Coût des marchandises vendues - Produits Non-Divocco,,Marchandises en stock,"Compresse, gaze et cotton",,
3977868000020189141,2024-10-29 15:55:40,2025-07-26 20:51:44,Bandelette indicatrice de sterilisation vapeur - 3M Sterigage de Type5,,CAD 23.99,Ventes Produits Non-Divocco,true,Stevens,3M,0,0,0,0,cm,kg,,,,,true,,goods,1,,,Active,Sac de 100 unités,,St-800-1243B,,,,,,Coût des marchandises vendues - Produits Non-Divocco,,Marchandises en stock,Bandelette indicatrice,Matériel de stérilisation,
3977868000020189182,2024-10-29 15:57:00,2025-07-18 10:33:04,Ruban de rétention adhésif Hypafix - 5cm x 10cm,,CAD 5.45,Ventes Produits Non-Divocco,true,Stevens,Stevens,0,0,0,0,cm,kg,,,,,true,,goods,1,,,Active,1 un,,St-71443-01,,,,,,Coût des marchandises vendues - Produits Non-Divocco,,Marchandises en stock,"Compresse, gaze et cotton",,
3977868000020189207,2024-10-29 15:59:18,2025-07-26 20:51:44,Monofilament 10G jetable,,CAD 46.30,Ventes Produits Non-Divocco,true,Stevens,Stevens,0,0,0,0,cm,kg,,,,,true,,goods,1,,,Active,Boite de 40,,St-12-1670-20,Fil monofilament,,,,,Coût des marchandises vendues - Produits Non-Divocco,,Marchandises en stock,Outils de procédure,,
3977868000023491208,2024-12-18 10:49:36,2025-02-15 03:06:32,DYNAREX PAPER CUPS 3oz,,CAD 69.31,Ventes Produits Non-Divocco,true,,Dynarex,0,0,0,0,cm,kg,,,,,true,,goods,1,,,Active,Caisse de 2500,,Dy-4335,,,,,,Coût des marchandises vendues - Produits Non-Divocco,,Marchandises en stock,Gobelet,Gobelets et protection diverse,
3977868000023554053,2024-12-19 08:29:58,2025-02-15 03:06:32,Conseil en développement stratégique du marché canadien,Prestation de service,CAD 15000.00,Revenus de Gestion 2,false,,,0,0,0,0,cm,kg,false,,,,false,NA,service,1,,,Active,,,GESTVMG,,,,,,Dépenses salariales et bénéfices employés,,Marchandises en stock,,,
3977868000024676782,2025-01-08 14:28:04,2025-02-15 03:06:32,DOMPREX PI GLOVES SENSITIVE 5.5,,CAD 79.99,Ventes Produits Non-Divocco,true,Domrex,Domrex,0,0,0,0,,,,,,,true,,goods,1,,,Active,Boite de 50 paires,,Do-DOMPISENS-55,,,,,,Coût des marchandises vendues - Produits Non-Divocco,,Marchandises en stock,Gants stériles,Gants,
3977868000024676784,2025-01-08 14:28:04,2025-02-17 14:23:07,DOMPREX PI GLOVES SENSITIVE 6,,CAD 79.99,Ventes Produits Non-Divocco,true,Domrex,Domrex,0,0,0,0,,,,,,,true,,goods,1,,,Active,Boite de 50 paires,,Do-DOMPISENS-60,,,,,,Coût des marchandises vendues - Produits Non-Divocco,,Marchandises en stock,Gants stériles,Gants,
3977868000024676786,2025-01-08 14:28:04,2025-02-17 14:23:07,DOMPREX PI GLOVES SENSITIVE 6.5,,CAD 79.99,Ventes Produits Non-Divocco,true,Domrex,Domrex,0,0,0,0,,,,,,,true,,goods,1,,,Active,Boite de 50 paires,,Do-DOMPISENS-65,,,,,,Coût des marchandises vendues - Produits Non-Divocco,,Marchandises en stock,Gants stériles,Gants,
3977868000024676788,2025-01-08 14:28:04,2025-02-17 14:23:07,DOMPREX PI GLOVES SENSITIVE 7,,CAD 79.99,Ventes Produits Non-Divocco,true,Domrex,Domrex,0,0,0,0,,,,,,,true,,goods,1,,,Active,Boite de 50 paires,,Do-DOMPISENS-70,,,,,,Coût des marchandises vendues - Produits Non-Divocco,,Marchandises en stock,Gants stériles,Gants,
3977868000024676790,2025-01-08 14:28:04,2025-02-17 14:23:07,DOMPREX PI GLOVES SENSITIVE 7.5,,CAD 79.99,Ventes Produits Non-Divocco,true,Domrex,Domrex,0,0,0,0,,,,,,,true,,goods,1,,,Active,Boite de 50 paires,,Do-DOMPISENS-75,,,,,,Coût des marchandises vendues - Produits Non-Divocco,,Marchandises en stock,Gants stériles,Gants,
3977868000024676792,2025-01-08 14:28:04,2025-02-17 14:23:07,DOMPREX PI GLOVES SENSITIVE 8,,CAD 79.99,Ventes Produits Non-Divocco,true,Domrex,Domrex,0,0,0,0,,,,,,,true,,goods,1,,,Active,Boite de 50 paires,,Do-DOMPISENS-80,,,,,,Coût des marchandises vendues - Produits Non-Divocco,,Marchandises en stock,Gants stériles,Gants,
3977868000024676794,2025-01-08 14:28:04,2025-02-15 03:06:34,DOMPREX PI GLOVES SENSITIVE 8.5,,CAD 79.99,Ventes Produits Non-Divocco,true,Domrex,Domrex,0,0,0,0,,,,,,,true,,goods,1,,,Active,Boite de 50 paires,,Do-DOMPISENS-85,,,,,,Coût des marchandises vendues - Produits Non-Divocco,,Marchandises en stock,Gants stériles,Gants,
3977868000024693198,2025-01-08 14:47:50,2025-02-15 03:06:34,DOMPREX PI GLOVES-5.5,,CAD 74.99,Ventes Produits Non-Divocco,true,Domrex,Domrex,0,0,0,0,,,,,,,true,,goods,1,,,Active,Boite de 50,,Do-DOMPI-55,,,,,,Coût des marchandises vendues - Produits Non-Divocco,,Marchandises en stock,Gants stériles,Gants,
3977868000024693200,2025-01-08 14:47:50,2025-07-26 20:51:44,DOMPREX PI GLOVES-6,,CAD 74.99,Ventes Produits Non-Divocco,true,Domrex,Domrex,0,0,0,0,,,,,,,true,,goods,1,,,Active,Boite de 50,,Do-DOMPI-60,,,,,,Coût des marchandises vendues - Produits Non-Divocco,,Marchandises en stock,Gants stériles,Gants,
3977868000024693202,2025-01-08 14:47:50,2025-02-17 14:23:07,DOMPREX PI GLOVES-6.5,,CAD 74.99,Ventes Produits Non-Divocco,true,Domrex,Domrex,0,0,0,0,,,,,,,true,,goods,1,,,Active,Boite de 50,,Do-DOMPI-65,,,,,,Coût des marchandises vendues - Produits Non-Divocco,,Marchandises en stock,Gants stériles,Gants,
3977868000024693204,2025-01-08 14:47:50,2025-07-26 20:51:44,DOMPREX PI GLOVES-7,,CAD 74.99,Ventes Produits Non-Divocco,true,Domrex,Domrex,0,0,0,0,,,,,,,true,,goods,1,,,Active,Boite de 50,,Do-DOMPI-70,,,,,,Coût des marchandises vendues - Produits Non-Divocco,,Marchandises en stock,Gants stériles,Gants,
3977868000024693206,2025-01-08 14:47:50,2025-02-17 14:23:07,DOMPREX PI GLOVES-7.5,,CAD 74.99,Ventes Produits Non-Divocco,true,Domrex,Domrex,0,0,0,0,,,,,,,true,,goods,1,,,Active,Boite de 50,,Do-DOMPI-75,,,,,,Coût des marchandises vendues - Produits Non-Divocco,,Marchandises en stock,Gants stériles,Gants,
3977868000024693208,2025-01-08 14:47:50,2025-02-15 03:06:35,DOMPREX PI GLOVES-8,,CAD 74.99,Ventes Produits Non-Divocco,true,Domrex,Domrex,0,0,0,0,,,,,,,true,,goods,1,,,Active,Boite de 50,,Do-DOMPI-80,,,,,,Coût des marchandises vendues - Produits Non-Divocco,,Marchandises en stock,Gants stériles,Gants,
3977868000024693210,2025-01-08 14:47:50,2025-02-15 03:06:35,DOMPREX PI GLOVES-8.5,,CAD 74.99,Ventes Produits Non-Divocco,true,Domrex,Domrex,0,0,0,0,,,,,,,true,,goods,1,,,Active,Boite de 50,,Do-DOMPI-85,,,,,,Coût des marchandises vendues - Produits Non-Divocco,,Marchandises en stock,Gants stériles,Gants,
3977868000024693446,2025-01-08 14:52:26,2025-02-15 03:06:36,DOMPREX PI GLOVES GREEN-5.5,,CAD 86.99,Ventes Produits Non-Divocco,true,Domrex,Domrex,0,0,0,0,,,,,,,true,,goods,1,,,Active,Boite de 50,,Do-DOMPIG-55G,,,,,,Coût des marchandises vendues - Produits Non-Divocco,,Marchandises en stock,Gants stériles,Gants,
3977868000024693448,2025-01-08 14:52:26,2025-07-26 20:51:44,DOMPREX PI GLOVES GREEN-6,,CAD 86.99,Ventes Produits Non-Divocco,true,Domrex,Domrex,0,0,0,0,,,,,,,true,,goods,1,,,Active,Boite de 50,,Do-DOMPIG-60,,,,,,Coût des marchandises vendues - Produits Non-Divocco,,Marchandises en stock,Gants stériles,Gants,
3977868000024693450,2025-01-08 14:52:26,2025-07-26 20:51:44,DOMPREX PI GLOVES GREEN-6.5,,CAD 86.99,Ventes Produits Non-Divocco,true,Domrex,Domrex,0,0,0,0,,,,,,,true,,goods,1,,,Active,Boite de 50,,Do-DOMPIG-65,,,,,,Coût des marchandises vendues - Produits Non-Divocco,,Marchandises en stock,Gants stériles,Gants,
3977868000024693452,2025-01-08 14:52:26,2025-07-26 20:51:44,DOMPREX PI GLOVES GREEN-7,,CAD 86.99,Ventes Produits Non-Divocco,true,Domrex,Domrex,0,0,0,0,,,,,,,true,,goods,1,,,Active,Boite de 50,,Do-DOMPIG-70,,,,,,Coût des marchandises vendues - Produits Non-Divocco,,Marchandises en stock,Gants stériles,Gants,
3977868000024693454,2025-01-08 14:52:26,2025-07-26 20:51:44,DOMPREX PI GLOVES GREEN-7.5,,CAD 86.99,Ventes Produits Non-Divocco,true,Domrex,Domrex,0,0,0,0,,,,,,,true,,goods,1,,,Active,Boite de 50,,Do-DOMPIG-75,,,,,,Coût des marchandises vendues - Produits Non-Divocco,,Marchandises en stock,Gants stériles,Gants,
3977868000024693456,2025-01-08 14:52:26,2025-07-26 20:51:44,DOMPREX PI GLOVES GREEN-8,,CAD 86.99,Ventes Produits Non-Divocco,true,Domrex,Domrex,0,0,0,0,,,,,,,true,,goods,1,,,Active,Boite de 50,,Do-DOMPIG-80,,,,,,Coût des marchandises vendues - Produits Non-Divocco,,Marchandises en stock,Gants stériles,Gants,
3977868000024693458,2025-01-08 14:52:26,2025-02-15 03:06:37,DOMPREX PI GLOVES GREEN-8.5,,CAD 86.99,Ventes Produits Non-Divocco,true,Domrex,Domrex,0,0,0,0,,,,,,,true,,goods,1,,,Active,Boite de 50,,Do-DOMPIG-85,,,,,,Coût des marchandises vendues - Produits Non-Divocco,,Marchandises en stock,Gants stériles,Gants,
3977868000025260021,2025-01-16 11:24:50,2025-02-15 03:06:37,Gants nitrile SERIE S Duracor bleu 5 mil-XS,,CAD 8.99,Ventes Produits Non-Divocco,true,Duracore,Duracore,0,0,0,0,,,,,,,true,,goods,1,,,Active,Boite de 100,,Du-S5201,,,,,,Coût des marchandises vendues - Produits Non-Divocco,,Marchandises en stock,Gants nitrile,Gants,
3977868000025260023,2025-01-16 11:24:50,2025-07-10 12:12:51,Gants nitrile SERIE S Duracor bleu 5 mil-S,,CAD 8.99,Ventes Produits Non-Divocco,true,Duracore,Duracore,0,0,0,0,,,,,,,true,,goods,1,,,Active,Boite de 100,,Du-S5202,,,,,,Coût des marchandises vendues - Produits Non-Divocco,,Marchandises en stock,Gants nitrile,Gants,
3977868000025260025,2025-01-16 11:24:50,2025-06-23 11:15:06,Gants nitrile SERIE S Duracor bleu 5 mil-M,,CAD 8.99,Ventes Produits Non-Divocco,true,Duracore,Duracore,0,0,0,0,,,,,,,true,,goods,1,,,Active,Boite de 100,,Du-S5203,,,,,,Coût des marchandises vendues - Produits Non-Divocco,,Marchandises en stock,Gants nitrile,Gants,
3977868000025260027,2025-01-16 11:24:50,2025-07-30 15:53:49,Gants nitrile SERIE S Duracor bleu 5 mil-L,,CAD 8.99,Ventes Produits Non-Divocco,true,Duracore,Duracore,0,0,0,0,,,,,,,true,,goods,1,,,Active,Boite de 100,,Du-S5204,,,,,,Coût des marchandises vendues - Produits Non-Divocco,,Marchandises en stock,Gants nitrile,Gants,
3977868000025260029,2025-01-16 11:24:50,2025-02-15 03:06:38,Gants nitrile SERIE S Duracor bleu 5 mil-XL,,CAD 8.99,Ventes Produits Non-Divocco,true,Duracore,Duracore,0,0,0,0,,,,,,,true,,goods,1,,,Active,Boite de 100,,Du-S5205,,,,,,Coût des marchandises vendues - Produits Non-Divocco,,Marchandises en stock,Gants nitrile,Gants,
3977868000025570019,2025-01-21 09:54:31,2025-07-30 16:04:01,Pansement adhésif transparent Tegaderm 4.4 x 4.4cm,,CAD 29.99,Ventes Produits Non-Divocco,true,Stevens,Stevens,0,0,0,0,cm,kg,,,,,true,,goods,1,,,Active,boite de 100,,St-800-1622w,,,,,,Coût des marchandises vendues - Produits Non-Divocco,,Marchandises en stock,"Compresse, gaze et cotton",,
3977868000025570075,2025-01-21 10:37:37,2025-07-17 16:49:59,Règles en papier jetables 15cm MEDLINE,,CAD 14.35,Ventes Produits Non-Divocco,true,Medline,Medline,0,0,0,0,cm,kg,,,,,true,,goods,1,,,Active,paquet de 250,,Md-MEDMSCEDURULER,,,,,,Coût des marchandises vendues - Produits Non-Divocco,,Marchandises en stock,Instrument medical,Outils de procédure,
3977868000025570125,2025-01-21 10:44:42,2025-07-26 20:51:44,Crayon marqueur stérile pour la peau fine,,CAD 46.80,Ventes Produits Non-Divocco,true,Cardinal Health,Cardinal Health Canada,0,0,0,0,cm,kg,,,,,true,,goods,1,,,Active,Boite de 50,,Ch-DYNJSM03,,,,,,Coût des marchandises vendues - Produits Non-Divocco,,Marchandises en stock,Instrument medical,Outils de procédure,
3977868000025628569,2025-01-22 12:10:05,2025-04-16 12:49:35,Bande adhésive stérilisation NNA 19mm x 50mm,,CAD 10.50,Ventes Produits Non-Divocco,true,NNA Medical,NNA Medical,0,0,0,0,cm,kg,,,,,true,,goods,1,,,Active,Sac de 1 rouleau,,NNA-100-200-IT1950,,,,,,Coût des marchandises vendues - Produits Non-Divocco,,Marchandises en stock,Instrument medical,Outils de procédure,
3977868000026139087,2025-01-29 10:29:50,2025-02-15 03:06:39,Gant nitrile Océan Pacific TruAloe Vert Non stérile-XS,,CAD 28.70,Ventes Produits Non-Divocco,true,Medicom,Medicom,0,0,0,0,,,,,,,true,,goods,1,,,Active,boite de 200,boite de 200,Me-1225,,,,,,Coût des marchandises vendues - Produits Non-Divocco,,Marchandises en stock,Gants nitrile,Gants,
3977868000026139089,2025-01-29 10:29:50,2025-07-26 20:51:44,Gant nitrile Océan Pacific TruAloe Vert Non stérile-S,,CAD 28.70,Ventes Produits Non-Divocco,true,Medicom,Medicom,0,0,0,0,,,,,,,true,,goods,1,,,Active,boite de 200,boite de 200,Me-1226,,,,,,Coût des marchandises vendues - Produits Non-Divocco,,Marchandises en stock,Gants nitrile,Gants,
3977868000026139091,2025-01-29 10:29:50,2025-02-15 03:06:39,Gant nitrile Océan Pacific TruAloe Vert Non stérile-M,,CAD 28.70,Ventes Produits Non-Divocco,true,Medicom,Medicom,0,0,0,0,,,,,,,true,,goods,1,,,Active,boite de 200,boite de 200,Me-1227,,,,,,Coût des marchandises vendues - Produits Non-Divocco,,Marchandises en stock,Gants nitrile,Gants,
3977868000026139093,2025-01-29 10:29:50,2025-02-12 03:30:00,Gant nitrile Océan Pacific TruAloe Vert Non stérile-L,,CAD 28.70,Ventes Produits Non-Divocco,true,Medicom,Medicom,0,0,0,0,,,,,,,true,,goods,1,,,Active,boite de 200,boite de 200,Me-1228,,,,,,Coût des marchandises vendues - Produits Non-Divocco,,Marchandises en stock,Gants nitrile,Gants,
3977868000026139095,2025-01-29 10:29:50,2025-02-15 03:06:39,Gant nitrile Océan Pacific TruAloe Vert Non stérile-XL,,CAD 28.70,Ventes Produits Non-Divocco,true,Medicom,Medicom,0,0,0,0,,,,,,,true,,goods,1,,,Active,boite de 200,boite de 200,Me-1229,,,,,,Coût des marchandises vendues - Produits Non-Divocco,,Marchandises en stock,Gants nitrile,Gants,
3977868000026139301,2025-01-29 10:37:21,2025-05-07 15:06:41,"AssureWear SMS Isolation Gowns, OTH, Jaune, AAM1 Niveau 2",,CAD 85.00,Ventes Produits Non-Divocco,true,Medicom,Medicom,0,0,0,0,cm,kg,,,,,true,,goods,1,,,Active,caisse de 100,,me-A69977,,,,,,Coût des marchandises vendues - Produits Non-Divocco,,Marchandises en stock,Blouse de protection,Gobelets et protection diverse,
3977868000026712007,2025-02-05 09:50:08,2025-04-16 12:52:24,Solution désinfectante de haut niveau Optim SciCan 20 minutes,,CAD 74.75,Ventes Produits Non-Divocco,true,SciCan,SciCan,0,0,0,0,cm,kg,,,,,true,,goods,1,,,Active,Gallon de 3.7L,,Sc-Lzwscics,,,,,,Coût des marchandises vendues - Produits Non-Divocco,,Marchandises en stock,Produit de désinfection et nettoyage,,
3977868000026736417,2025-02-05 12:30:35,2025-07-26 20:51:44,Brosse a instrument en nylon,,CAD 20.82,Ventes Produits Non-Divocco,true,,,0,0,0,0,cm,kg,,,,,true,,goods,1,,,Active,paquet de 3 brosse,,Md-MEDMDS88,,,,,,Coût des marchandises vendues - Produits Non-Divocco,,Marchandises en stock,Instrument medical,Outils de procédure,
3977868000026736462,2025-02-05 12:39:21,2025-04-16 12:52:24,Solution antiseptique Dexidine 0.5%,,CAD 7.49,Ventes Produits Non-Divocco,true,PharmaPlus,PharmaPlus,0,0,0,0,cm,kg,,,,,true,,goods,1,,,Active,Bouteille de 500 mL,,Ph-ATL918124,,,,,,Coût des marchandises vendues - Produits Non-Divocco,,Marchandises en stock,Produit de désinfection et nettoyage,,
3977868000027070007,2025-02-10 11:05:47,2025-02-15 03:06:40,Gants OCEANPACIFIC ELEMENTS MEDICOM BIO-XS,,CAD 17.99,Ventes Produits Non-Divocco,true,Medicom,Medicom,0,0,0,0,cm,kg,,,,,true,,goods,1,,,Active,boite de 200,boite de 200,Me-OPXS-BIO,,,,,,Coût des marchandises vendues - Produits Non-Divocco,,Marchandises en stock,Gants nitrile,Gants,
3977868000027070009,2025-02-10 11:05:47,2025-04-28 12:20:53,Gants OCEANPACIFIC ELEMENTS MEDICOM BIO-S,,CAD 17.99,Ventes Produits Non-Divocco,true,Medicom,Medicom,0,0,0,0,cm,kg,,,,,true,,goods,1,,,Active,boite de 200,boite de 200,Me-OPS-BIO,,,,,,Coût des marchandises vendues - Produits Non-Divocco,,Marchandises en stock,Gants nitrile,Gants,
3977868000027070011,2025-02-10 11:05:47,2025-04-28 12:20:53,Gants OCEANPACIFIC ELEMENTS MEDICOM BIO-M,,CAD 17.99,Ventes Produits Non-Divocco,true,Medicom,Medicom,0,0,0,0,cm,kg,,,,,true,,goods,1,,,Active,boite de 200,boite de 200,Me-OPM-BIO,,,,,,Coût des marchandises vendues - Produits Non-Divocco,,Marchandises en stock,Gants nitrile,Gants,
3977868000027070013,2025-02-10 11:05:47,2025-04-28 12:20:53,Gants OCEANPACIFIC ELEMENTS MEDICOM BIO-L,,CAD 17.99,Ventes Produits Non-Divocco,true,Medicom,Medicom,0,0,0,0,cm,kg,,,,,true,,goods,1,,,Active,boite de 200,boite de 200,Me-OPL-BIO,,,,,,Coût des marchandises vendues - Produits Non-Divocco,,Marchandises en stock,Gants nitrile,Gants,
3977868000027070015,2025-02-10 11:05:47,2025-02-15 03:06:41,Gants OCEANPACIFIC ELEMENTS MEDICOM BIO-XL,,CAD 17.99,Ventes Produits Non-Divocco,true,Medicom,Medicom,0,0,0,0,cm,kg,,,,,true,,goods,1,,,Active,boite de 200,boite de 200,Me-OPXL-BIO,,,,,,Coût des marchandises vendues - Produits Non-Divocco,,Marchandises en stock,Gants nitrile,Gants,
3977868000028235005,2025-03-04 07:21:57,2025-03-21 14:56:37,TEST PRODUIT 1,,CAD 2.00,Ventes Produits Non-Divocco,true,,,0,0,0,0,cm,kg,,,,,true,,goods,1,,,Active,pcs,Pieces,TP1,,,,,,Coût des marchandises vendues - Produits Non-Divocco,,Marchandises en stock,,,
3977868000028235028,2025-03-04 07:22:13,2025-04-14 11:23:08,TEST PRODUIT 2,,CAD 1.00,Ventes Produits Non-Divocco,true,,,0,0,0,0,cm,kg,,,,,true,,goods,1,,,Active,pcs,Pieces,TP2,,,,,,Coût des marchandises vendues - Produits Non-Divocco,,Marchandises en stock,,,
3977868000028235051,2025-03-04 07:22:24,2025-04-14 11:23:08,TEST PRODUIT 3,,CAD 1.00,Ventes Produits Non-Divocco,true,,,0,0,0,0,cm,kg,,,,,true,,goods,1,,,Active,pcs,Pieces,TP3,,,,,,Coût des marchandises vendues - Produits Non-Divocco,,Marchandises en stock,,,
3977868000029523774,2025-03-28 10:51:14,2025-07-30 16:04:01,Seringue Sol-M - Embiut luer lock - 3ml,,CAD 12.50,Ventes Produits Non-Divocco,true,,,0,0,0,0,cm,kg,,,,,true,,goods,1,,,Active,boite100,boite de 100,SOL-p180003,,,,,,Coût des marchandises vendues - Produits Non-Divocco,,Marchandises en stock,Seringue et aiguilles,Outils de procédure,
3977868000029917501,2025-04-03 12:25:54,2025-07-19 09:09:43,Abaisse-Langues Sénior,,CAD 4.49,Ventes Produits Non-Divocco,true,,,0,0,0,0,cm,kg,,,,,true,,goods,1,,,Active,boite100,boite de 100,MPN-118-403,,,,,,Coût des marchandises vendues - Produits Non-Divocco,,Marchandises en stock,Instrument medical,Outils de procédure,
3977868000032070001,2025-05-08 08:41:07,2025-05-08 08:41:07,Produit facturé d'avance,,CAD 1.00,Autres charges,true,,,0,0,0,0,cm,kg,,,,,true,,goods,1,,,Active,pcs,Pieces,PFA,,,,,,,,,,,
3977868000032661383,2025-05-22 08:14:50,2025-06-17 10:03:51,Ruban elastique adhésif Leukotape K beige 5cmx5m,,CAD 26.40,Ventes Produits Non-Divocco,true,,,0,0,0,0,cm,kg,,,,,true,,goods,1,,,Active,1 rouleau,,SS-BSN7297811,,,,,,Coût des marchandises vendues - Produits Non-Divocco,,Marchandises en stock,"Compresse, gaze et cotton",,
3977868000032718155,2025-05-22 13:35:34,2025-06-05 19:35:19,"Aiguille hypodermique de BD-25 G, longueur 1 1/2",,CAD 11.49,Ventes Produits Non-Divocco,true,,,0,0,0,0,cm,kg,,,,,true,,goods,1,,,Active,boite de 100,,st-333-305127,,,,,,Coût des marchandises vendues - Produits Non-Divocco,,Marchandises en stock,Seringue et aiguilles,Outils de procédure,
3977868000035291031,2025-07-08 10:22:26,2025-07-14 08:13:34,Ruban de rétention adhésif Hypafix - 10cm x 10cm,,CAD 15.70,Ventes Produits Non-Divocco,true,,,0,0,0,0,,,,,,,true,,goods,1,,,Active,1 unité,,St-71443-02,,,,,,Coût des marchandises vendues - Produits Non-Divocco,,Marchandises en stock,"Compresse, gaze et cotton",,
3977868000035291065,2025-07-08 10:41:54,2025-07-09 14:37:33,Coussinets adhésifs pour cors - Flesh Felt,,CAD 27.00,Ventes Produits Non-Divocco,true,,Dr Jills,0,0,0,0,cm,kg,,,,,true,,goods,1,,,Active,Sac de 100 unités,,CH-D41J5FELTB,,,,,,Coût des marchandises vendues - Produits Non-Divocco,,Marchandises en stock,Divers,,
3977868000035376379,2025-07-09 14:28:39,2025-07-26 13:50:52,Bandage cohésif de AMD-Ritmed,,CAD 46.75,Ventes Produits Non-Divocco,true,Ritmed,Medicom,0,0,0,0,cm,kg,,,,,true,,goods,1,,,Active,Boite de 36,,Me-A2061-TLF,,,,,,Coût des marchandises vendues - Produits Non-Divocco,,Marchandises en stock,,,
3977868000035913167,2025-07-17 17:07:37,2025-07-17 17:08:47,Couvre Appuie-tête 10x13 de Cheeta,,CAD 22.00,Ventes Produits Non-Divocco,true,Cheeta,Cheeta,0,0,0,0,cm,kg,,,,,true,,goods,1,,,Active,Boite de 500,,CHE-1022,,,,,,Coût des marchandises vendues - Produits Non-Divocco,,Marchandises en stock,Couvre appuie-tête,Bavette dentaire et couvre-surface,